data_hora,ticker,intervalo_utilizado,mensagem
2025-04-25 00:53,SOL/USD,30min,⚠️ Intervalo ajustado automaticamente para 30min devido à falta de dados.
2025-04-25 01:04,SOL/USD,30min,⚠️ Intervalo ajustado automaticamente para 30min devido à falta de dados.
2025-04-25 01:07,SOL/USD,30min,⚠️ Intervalo ajustado automaticamente para 30min devido à falta de dados.
2025-04-25 01:07,SOL/USD,30min,⚠️ Intervalo ajustado automaticamente para 30min devido à falta de dados.
2025-04-25 01:08,SOL/USD,30min,⚠️ Intervalo ajustado automaticamente para 30min devido à falta de dados.
2025-04-25 01:08,SOL/USD,30min,⚠️ Intervalo ajustado automaticamente para 30min devido à falta de dados.
2025-05-03 21:21,BTC/USD,30min,⚠️ Intervalo ajustado automaticamente para 30min devido à falta de dados.
2025-05-03 21:32,BTC/USD,30min,⚠️ Intervalo ajustado automaticamente para 30min devido à falta de dados.
2025-05-03 21:33,BTC/USD,30min,⚠️ Intervalo ajustado automaticamente para 30min devido à falta de dados.
2025-05-03 21:38,BTC/USD,30min,⚠️ Intervalo ajustado automaticamente para 30min devido à falta de dados.
2025-05-03 21:49,BTC/USD,30min,⚠️ Intervalo ajustado automaticamente para 30min devido à falta de dados.
2025-05-03 21:51,BTC/USD,30min,⚠️ Intervalo ajustado automaticamente para 30min devido à falta de dados.
2025-05-03 21:54,BTC/USD,30min,⚠️ Intervalo ajustado automaticamente para 30min devido à falta de dados.
2025-05-03 22:06,BTC/USD,30min,⚠️ Intervalo ajustado automaticamente para 30min devido à falta de dados.
2025-05-03 22:06,BTC/USD,30min,⚠️ Intervalo ajustado automaticamente para 30min devido à falta de dados.
2025-05-03 22:11,BTC/USD,30min,⚠️ Intervalo ajustado automaticamente para 30min devido à falta de dados.
2025-05-03 22:11,BTC/USD,30min,⚠️ Intervalo ajustado automaticamente para 30min devido à falta de dados.
2025-05-03 22:13,BTC/USD,30min,⚠️ Intervalo ajustado automaticamente para 30min devido à falta de dados.
2025-05-03 22:16,BTC/USD,30min,⚠️ Intervalo ajustado automaticamente para 30min devido à falta de dados.
2025-05-03 22:16,BTC/USD,30min,⚠️ Intervalo ajustado automaticamente para 30min devido à falta de dados.
2025-05-03 22:17,BTC/USD,30min,⚠️ Intervalo ajustado automaticamente para 30min devido à falta de dados.
2025-05-03 22:17,BTC/USD,30min,⚠️ Intervalo ajustado automaticamente para 30min devido à falta de dados.
2025-05-03 22:20,BTC/USD,30min,⚠️ Intervalo ajustado automaticamente para 30min devido à falta de dados.
2025-05-03 22:20,BTC/USD,30min,⚠️ Intervalo ajustado automaticamente para 30min devido à falta de dados.
2025-05-03 22:22,BTC/USD,30min,⚠️ Intervalo ajustado automaticamente para 30min devido à falta de dados.
2025-05-03 22:22,BTC/USD,30min,⚠️ Intervalo ajustado automaticamente para 30min devido à falta de dados.
2025-05-03 22:25,BTC/USD,30min,⚠️ Intervalo ajustado automaticamente para 30min devido à falta de dados.
2025-05-03 22:25,BTC/USD,30min,⚠️ Intervalo ajustado automaticamente para 30min devido à falta de dados.
2025-05-03 22:27,BTC/USD,30min,⚠️ Intervalo ajustado automaticamente para 30min devido à falta de dados.
2025-05-03 22:27,BTC/USD,30min,⚠️ Intervalo ajustado automaticamente para 30min devido à falta de dados.
2025-05-03 22:31,BTC/USD,30min,⚠️ Intervalo ajustado automaticamente para 30min devido à falta de dados.
2025-05-03 22:31,BTC/USD,30min,⚠️ Intervalo ajustado automaticamente para 30min devido à falta de dados.
2025-05-03 22:34,BTC/USD,30min,⚠️ Intervalo ajustado automaticamente para 30min devido à falta de dados.
2025-05-03 22:34,BTC/USD,30min,⚠️ Intervalo ajustado automaticamente para 30min devido à falta de dados.
2025-05-03 22:40,BTC/USD,30min,⚠️ Intervalo ajustado automaticamente para 30min devido à falta de dados.
2025-05-03 22:40,BTC/USD,30min,⚠️ Intervalo ajustado automaticamente para 30min devido à falta de dados.
2025-05-03 22:47,BTC/USD,30min,⚠️ Intervalo ajustado automaticamente para 30min devido à falta de dados.
2025-05-03 22:47,BTC/USD,30min,⚠️ Intervalo ajustado automaticamente para 30min devido à falta de dados.
2025-05-03 22:53,BTC/USD,30min,⚠️ Intervalo ajustado automaticamente para 30min devido à falta de dados.
2025-05-03 22:53,BTC/USD,30min,⚠️ Intervalo ajustado automaticamente para 30min devido à falta de dados.
2025-05-03 22:59,BTC/USD,30min,⚠️ Intervalo ajustado automaticamente para 30min devido à falta de dados.
2025-05-03 22:59,BTC/USD,30min,⚠️ Intervalo ajustado automaticamente para 30min devido à falta de dados.
2025-05-03 23:11,BTC/USD,30min,⚠️ Intervalo ajustado automaticamente para 30min devido à falta de dados.
2025-05-03 23:11,BTC/USD,30min,⚠️ Intervalo ajustado automaticamente para 30min devido à falta de dados.
2025-05-03 23:13,BTC/USD,30min,⚠️ Intervalo ajustado automaticamente para 30min devido à falta de dados.
2025-05-03 23:13,BTC/USD,30min,⚠️ Intervalo ajustado automaticamente para 30min devido à falta de dados.
2025-05-03 23:14,BTC/USD,30min,⚠️ Intervalo ajustado automaticamente para 30min devido à falta de dados.
2025-05-03 23:14,BTC/USD,30min,⚠️ Intervalo ajustado automaticamente para 30min devido à falta de dados.
2025-05-03 23:16,BTC/USD,30min,⚠️ Intervalo ajustado automaticamente para 30min devido à falta de dados.
2025-05-03 23:16,BTC/USD,30min,⚠️ Intervalo ajustado automaticamente para 30min devido à falta de dados.
2025-05-03 23:23,BTC/USD,30min,⚠️ Intervalo ajustado automaticamente para 30min devido à falta de dados.
2025-05-03 23:23,BTC/USD,30min,⚠️ Intervalo ajustado automaticamente para 30min devido à falta de dados.
2025-05-03 23:24,BTC/USD,30min,⚠️ Intervalo ajustado automaticamente para 30min devido à falta de dados.
2025-05-03 23:24,BTC/USD,30min,⚠️ Intervalo ajustado automaticamente para 30min devido à falta de dados.
2025-05-03 23:27,BTC/USD,30min,⚠️ Intervalo ajustado automaticamente para 30min devido à falta de dados.
2025-05-03 23:27,BTC/USD,30min,⚠️ Intervalo ajustado automaticamente para 30min devido à falta de dados.
2025-05-03 23:29,BTC/USD,30min,⚠️ Intervalo ajustado automaticamente para 30min devido à falta de dados.
2025-05-03 23:29,BTC/USD,30min,⚠️ Intervalo ajustado automaticamente para 30min devido à falta de dados.
2025-05-03 23:30,BTC/USD,30min,⚠️ Intervalo ajustado automaticamente para 30min devido à falta de dados.
2025-05-03 23:30,BTC/USD,30min,⚠️ Intervalo ajustado automaticamente para 30min devido à falta de dados.
2025-05-03 23:32,BTC/USD,30min,⚠️ Intervalo ajustado automaticamente para 30min devido à falta de dados.
2025-05-03 23:32,BTC/USD,30min,⚠️ Intervalo ajustado automaticamente para 30min devido à falta de dados.
2025-05-03 23:32,BTC/USD,30min,⚠️ Intervalo ajustado automaticamente para 30min devido à falta de dados.
2025-05-03 23:34,BTC/USD,30min,⚠️ Intervalo ajustado automaticamente para 30min devido à falta de dados.
2025-05-03 23:34,BTC/USD,30min,⚠️ Intervalo ajustado automaticamente para 30min devido à falta de dados.
2025-05-03 23:34,BTC/USD,30min,⚠️ Intervalo ajustado automaticamente para 30min devido à falta de dados.
2025-05-03 23:40,BTC/USD,30min,⚠️ Intervalo ajustado automaticamente para 30min devido à falta de dados.
2025-05-03 23:40,BTC/USD,30min,⚠️ Intervalo ajustado automaticamente para 30min devido à falta de dados.
2025-05-03 23:40,BTC/USD,30min,⚠️ Intervalo ajustado automaticamente para 30min devido à falta de dados.
2025-05-03 23:42,BTC/USD,30min,⚠️ Intervalo ajustado automaticamente para 30min devido à falta de dados.
2025-05-03 23:42,BTC/USD,30min,⚠️ Intervalo ajustado automaticamente para 30min devido à falta de dados.
2025-05-03 23:42,BTC/USD,30min,⚠️ Intervalo ajustado automaticamente para 30min devido à falta de dados.
2025-05-03 23:44,BTC/USD,30min,⚠️ Intervalo ajustado automaticamente para 30min devido à falta de dados.
2025-05-03 23:44,BTC/USD,30min,⚠️ Intervalo ajustado automaticamente para 30min devido à falta de dados.
2025-05-03 23:44,BTC/USD,30min,⚠️ Intervalo ajustado automaticamente para 30min devido à falta de dados.
2025-05-03 23:47,BTC/USD,30min,⚠️ Intervalo ajustado automaticamente para 30min devido à falta de dados.
2025-05-03 23:47,BTC/USD,30min,⚠️ Intervalo ajustado automaticamente para 30min devido à falta de dados.
2025-05-03 23:47,BTC/USD,30min,⚠️ Intervalo ajustado automaticamente para 30min devido à falta de dados.
2025-05-03 23:49,BTC/USD,30min,⚠️ Intervalo ajustado automaticamente para 30min devido à falta de dados.
2025-05-03 23:49,BTC/USD,30min,⚠️ Intervalo ajustado automaticamente para 30min devido à falta de dados.
2025-05-03 23:49,BTC/USD,30min,⚠️ Intervalo ajustado automaticamente para 30min devido à falta de dados.
2025-05-03 23:53,BTC/USD,30min,⚠️ Intervalo ajustado automaticamente para 30min devido à falta de dados.
2025-05-03 23:53,BTC/USD,30min,⚠️ Intervalo ajustado automaticamente para 30min devido à falta de dados.
2025-05-04 11:41,BTC/USD,30min,⚠️ Intervalo ajustado automaticamente para 30min devido à falta de dados.
2025-05-04 11:41,BTC/USD,30min,⚠️ Intervalo ajustado automaticamente para 30min devido à falta de dados.
2025-05-04 20:07,BTC/USD,30min,⚠️ Intervalo ajustado automaticamente para 30min devido à falta de dados.
2025-05-04 20:07,BTC/USD,30min,⚠️ Intervalo ajustado automaticamente para 30min devido à falta de dados.
2025-05-04 20:11,BTC/USD,30min,⚠️ Intervalo ajustado automaticamente para 30min devido à falta de dados.
2025-05-04 20:11,BTC/USD,30min,⚠️ Intervalo ajustado automaticamente para 30min devido à falta de dados.
2025-05-04 20:15,BTC/USD,30min,⚠️ Intervalo ajustado automaticamente para 30min devido à falta de dados.
2025-05-04 20:15,BTC/USD,30min,⚠️ Intervalo ajustado automaticamente para 30min devido à falta de dados.
2025-05-04 20:16,BTC/USD,30min,⚠️ Intervalo ajustado automaticamente para 30min devido à falta de dados.
2025-05-04 20:16,BTC/USD,30min,⚠️ Intervalo ajustado automaticamente para 30min devido à falta de dados.
2025-05-04 20:19,BTC/USD,30min,⚠️ Intervalo ajustado automaticamente para 30min devido à falta de dados.
2025-05-04 20:19,BTC/USD,30min,⚠️ Intervalo ajustado automaticamente para 30min devido à falta de dados.
2025-05-04 20:23,BTC/USD,30min,⚠️ Intervalo ajustado automaticamente para 30min devido à falta de dados.
2025-05-04 20:23,BTC/USD,30min,⚠️ Intervalo ajustado automaticamente para 30min devido à falta de dados.
2025-05-04 20:28,BTC/USD,30min,⚠️ Intervalo ajustado automaticamente para 30min devido à falta de dados.
2025-05-04 20:28,BTC/USD,30min,⚠️ Intervalo ajustado automaticamente para 30min devido à falta de dados.
2025-05-04 20:32,BTC/USD,30min,⚠️ Intervalo ajustado automaticamente para 30min devido à falta de dados.
2025-05-04 20:32,BTC/USD,30min,⚠️ Intervalo ajustado automaticamente para 30min devido à falta de dados.
2025-05-04 20:37,BTC/USD,30min,⚠️ Intervalo ajustado automaticamente para 30min devido à falta de dados.
2025-05-04 20:37,BTC/USD,30min,⚠️ Intervalo ajustado automaticamente para 30min devido à falta de dados.
2025-05-04 20:40,BTC/USD,30min,⚠️ Intervalo ajustado automaticamente para 30min devido à falta de dados.
2025-05-04 21:09,BTC/USD,30min,⚠️ Intervalo ajustado automaticamente para 30min
2025-05-05 22:59,BTC/USD,30min,⚠️ Intervalo ajustado automaticamente para 30min
2025-05-05 23:06,BTC/USD,30min,⚠️ Intervalo ajustado automaticamente para 30min
2025-05-05 23:30,BTC/USD,30min,⚠️ Intervalo ajustado automaticamente para 30min
2025-05-05 23:48,BTC/USD,30min,⚠️ Intervalo ajustado automaticamente para 30min
2025-05-05 23:58,BTC/USD,30min,⚠️ Intervalo ajustado automaticamente para 30min
2025-05-06 00:08,BTC/USD,30min,⚠️ Intervalo ajustado automaticamente para 30min
2025-05-06 00:09,BTC/USD,30min,⚠️ Intervalo ajustado automaticamente para 30min
2025-05-06 00:11,BTC/USD,30min,⚠️ Intervalo ajustado automaticamente para 30min
2025-05-06 00:12,BTC/USD,30min,⚠️ Intervalo ajustado automaticamente para 30min
2025-05-06 00:18,BTC/USD,30min,⚠️ Intervalo ajustado automaticamente para 30min
2025-05-06 00:19,BTC/USD,30min,⚠️ Intervalo ajustado automaticamente para 30min
2025-05-06 00:25,BTC/USD,30min,⚠️ Intervalo ajustado automaticamente para 30min
2025-05-06 00:32,BTC/USD,30min,⚠️ Intervalo ajustado automaticamente para 30min
2025-05-06 00:35,BTC/USD,30min,⚠️ Intervalo ajustado automaticamente para 30min
2025-05-06 09:59,BTC/USD,30min,⚠️ Intervalo ajustado automaticamente para 30min
2025-05-06 09:59,SOL/USD,30min,⚠️ Intervalo ajustado automaticamente para 30min
2025-05-06 09:59,PENDLE/USD,30min,⚠️ Intervalo ajustado automaticamente para 30min
2025-05-06 13:21,BTC/USD,30min,⚠️ Intervalo ajustado automaticamente para 30min
2025-05-06 13:21,SOL/USD,30min,⚠️ Intervalo ajustado automaticamente para 30min
2025-05-06 13:21,PENDLE/USD,30min,⚠️ Intervalo ajustado automaticamente para 30min
2025-05-06 13:31,BTC/USD,30min,⚠️ Intervalo ajustado automaticamente para 30min
2025-05-06 13:31,SOL/USD,30min,⚠️ Intervalo ajustado automaticamente para 30min
2025-05-06 13:31,PENDLE/USD,30min,⚠️ Intervalo ajustado automaticamente para 30min
2025-05-06 13:38,BTC/USD,30min,⚠️ Intervalo ajustado automaticamente para 30min
2025-05-06 13:38,SOL/USD,30min,⚠️ Intervalo ajustado automaticamente para 30min
2025-05-06 13:39,PENDLE/USD,30min,⚠️ Intervalo ajustado automaticamente para 30min
2025-05-06 19:00,BTC/USD,30min,⚠️ Intervalo ajustado automaticamente para 30min
2025-05-06 19:01,SOL/USD,30min,⚠️ Intervalo ajustado automaticamente para 30min
2025-05-06 19:01,PENDLE/USD,30min,⚠️ Intervalo ajustado automaticamente para 30min
2025-05-07 13:08,BTC/USD,15min,⚠️ Intervalo ajustado automaticamente para 15min
2025-05-07 13:09,PENDLE/USD,15min,⚠️ Intervalo ajustado automaticamente para 15min
2025-05-07 13:09,SOL/USD,15min,⚠️ Intervalo ajustado automaticamente para 15min
2025-05-07 13:15,PENDLE/USD,15min,⚠️ Intervalo ajustado automaticamente para 15min
2025-05-07 13:18,BTC/USD,15min,⚠️ Intervalo ajustado automaticamente para 15min
2025-05-07 13:21,BTC/USD,15min,⚠️ Intervalo ajustado automaticamente para 15min
2025-05-07 13:21,PENDLE/USD,15min,⚠️ Intervalo ajustado automaticamente para 15min
2025-05-07 13:22,SOL/USD,15min,⚠️ Intervalo ajustado automaticamente para 15min
2025-05-07 13:24,BTC/USD,15min,⚠️ Intervalo ajustado automaticamente para 15min
2025-05-07 13:26,PENDLE/USD,15min,⚠️ Intervalo ajustado automaticamente para 15min
2025-05-07 14:46,PENDLE/USD,15min,⚠️ Intervalo ajustado automaticamente para 15min
2025-05-07 15:37,PENDLE/USD,15min,⚠️ Intervalo ajustado automaticamente para 15min
2025-05-07 17:35,PENDLE/USD,15min,⚠️ Intervalo ajustado automaticamente para 15min
2025-05-07 19:16,PENDLE/USD,15min,⚠️ Intervalo ajustado automaticamente para 15min
2025-05-07 21:19,PENDLE/USD,15min,⚠️ Intervalo ajustado automaticamente para 15min
2025-05-07 21:35,PENDLE/USD,15min,⚠️ Intervalo ajustado automaticamente para 15min
2025-05-07 21:36,PENDLE/USD,15min,⚠️ Intervalo ajustado automaticamente para 15min
2025-05-07 21:37,PENDLE/USD,15min,⚠️ Intervalo ajustado automaticamente para 15min
2025-05-07 21:39,PENDLE/USD,15min,⚠️ Intervalo ajustado automaticamente para 15min
2025-05-07 21:39,PENDLE/USD,15min,⚠️ Intervalo ajustado automaticamente para 15min
2025-05-07 23:02,PENDLE/USD,15min,⚠️ Intervalo ajustado automaticamente para 15min
2025-05-07 23:04,SOL/USD,15min,⚠️ Intervalo ajustado automaticamente para 15min
2025-05-07 23:09,SOL/USD,15min,⚠️ Intervalo ajustado automaticamente para 15min
2025-05-07 23:13,AAVE/USD,15min,⚠️ Intervalo ajustado automaticamente para 15min
2025-05-07 23:14,BTC/USD,15min,⚠️ Intervalo ajustado automaticamente para 15min
2025-05-07 23:14,SOL/USD,15min,⚠️ Intervalo ajustado automaticamente para 15min
2025-05-07 23:14,PENDLE/USD,15min,⚠️ Intervalo ajustado automaticamente para 15min
2025-05-07 23:15,AAVE/USD,15min,⚠️ Intervalo ajustado automaticamente para 15min
2025-05-07 23:16,BTC/USD,15min,⚠️ Intervalo ajustado automaticamente para 15min
2025-05-07 23:16,PENDLE/USD,15min,⚠️ Intervalo ajustado automaticamente para 15min
2025-05-07 23:16,SOL/USD,15min,⚠️ Intervalo ajustado automaticamente para 15min
2025-05-07 23:19,AAVE/USD,15min,⚠️ Intervalo ajustado automaticamente para 15min
2025-05-07 23:28,AAVE/USD,15min,⚠️ Intervalo ajustado automaticamente para 15min
2025-05-07 23:32,AAVE/USD,15min,⚠️ Intervalo ajustado automaticamente para 15min
2025-05-07 23:34,PENDLE/USD,15min,⚠️ Intervalo ajustado automaticamente para 15min
2025-05-07 23:36,BTC/USD,15min,⚠️ Intervalo ajustado automaticamente para 15min
2025-05-07 23:38,AAVE/USD,15min,⚠️ Intervalo ajustado automaticamente para 15min
2025-05-07 23:38,AAVE/USD,15min,⚠️ Intervalo ajustado automaticamente para 15min
2025-05-07 23:40,AAVE/USD,15min,⚠️ Intervalo ajustado automaticamente para 15min
2025-05-07 23:58,AAVE/USD,15min,⚠️ Intervalo ajustado automaticamente para 15min
2025-05-08 12:28,PENDLE/USD,15min,⚠️ Intervalo ajustado automaticamente para 15min
2025-05-08 12:32,PENDLE/USD,15min,⚠️ Intervalo ajustado automaticamente para 15min
2025-05-08 12:40,PENDLE/USD,15min,⚠️ Intervalo ajustado automaticamente para 15min
2025-05-08 12:44,SOL/USD,15min,⚠️ Intervalo ajustado automaticamente para 15min
2025-05-08 12:46,PENDLE/USD,15min,⚠️ Intervalo ajustado automaticamente para 15min
2025-05-08 12:54,PENDLE/USD,15min,⚠️ Intervalo ajustado automaticamente para 15min
2025-05-08 12:55,PENDLE/USD,15min,⚠️ Intervalo ajustado automaticamente para 15min
2025-05-08 13:33,PENDLE/USD,15min,⚠️ Intervalo ajustado automaticamente para 15min
2025-05-08 13:34,PENDLE/USD,15min,⚠️ Intervalo ajustado automaticamente para 15min
2025-05-08 13:35,PENDLE/USD,15min,⚠️ Intervalo ajustado automaticamente para 15min
2025-05-08 13:36,PENDLE/USD,15min,⚠️ Intervalo ajustado automaticamente para 15min
2025-05-08 13:36,PENDLE/USD,15min,⚠️ Intervalo ajustado automaticamente para 15min
2025-05-08 14:52,PENDLE/USD,15min,⚠️ Intervalo ajustado automaticamente para 15min
2025-05-08 17:36,PENDLE/USD,15min,⚠️ Intervalo ajustado automaticamente para 15min
2025-05-08 18:29,PENDLE/USD,15min,⚠️ Intervalo ajustado automaticamente para 15min
2025-05-08 18:43,PENDLE/USD,15min,⚠️ Intervalo ajustado automaticamente para 15min
2025-05-08 18:43,PENDLE/USD,15min,⚠️ Intervalo ajustado automaticamente para 15min
2025-05-08 18:52,BTC/USD,15min,⚠️ Intervalo ajustado automaticamente para 15min
2025-05-08 18:54,PENDLE/USD,15min,⚠️ Intervalo ajustado automaticamente para 15min
2025-05-08 18:59,PENDLE/USD,15min,⚠️ Intervalo ajustado automaticamente para 15min
2025-05-08 19:06,PENDLE/USD,15min,⚠️ Intervalo ajustado automaticamente para 15min
2025-05-08 19:08,BTC/USD,15min,⚠️ Intervalo ajustado automaticamente para 15min
2025-05-08 19:16,PENDLE/USD,15min,⚠️ Intervalo ajustado automaticamente para 15min
2025-05-08 19:26,PENDLE/USD,15min,⚠️ Intervalo ajustado automaticamente para 15min
2025-05-08 19:32,PENDLE/USD,15min,⚠️ Intervalo ajustado automaticamente para 15min
2025-05-08 20:16,PENDLE/USD,15min,⚠️ Intervalo ajustado automaticamente para 15min
2025-05-08 20:24,PENDLE/USD,15min,⚠️ Intervalo ajustado automaticamente para 15min
2025-05-08 20:24,PENDLE/USD,15min,⚠️ Intervalo ajustado automaticamente para 15min
2025-05-08 20:27,PENDLE/USD,15min,⚠️ Intervalo ajustado automaticamente para 15min
2025-05-08 20:27,PENDLE/USD,15min,⚠️ Intervalo ajustado automaticamente para 15min
2025-05-08 20:35,PENDLE/USD,15min,⚠️ Intervalo ajustado automaticamente para 15min
2025-05-08 20:35,PENDLE/USD,15min,⚠️ Intervalo ajustado automaticamente para 15min
2025-05-08 22:08,PENDLE/USD,15min,⚠️ Intervalo ajustado automaticamente para 15min
2025-05-08 22:34,PENDLE/USD,15min,⚠️ Intervalo ajustado automaticamente para 15min
2025-05-08 22:41,PENDLE/USD,15min,⚠️ Intervalo ajustado automaticamente para 15min
2025-05-08 22:41,PENDLE/USD,15min,⚠️ Intervalo ajustado automaticamente para 15min
2025-05-08 22:51,PENDLE/USD,15min,⚠️ Intervalo ajustado automaticamente para 15min
2025-05-08 23:07,PENDLE/USD,15min,⚠️ Intervalo ajustado automaticamente para 15min
2025-05-09 08:33,PENDLE/USD,15min,⚠️ Intervalo ajustado automaticamente para 15min
2025-05-09 09:21,PENDLE/USD,15min,⚠️ Intervalo ajustado automaticamente para 15min
2025-05-09 09:35,PENDLE/USD,15min,⚠️ Intervalo ajustado automaticamente para 15min
2025-05-09 13:47,PENDLE/USD,15min,⚠️ Intervalo ajustado automaticamente para 15min
2025-05-09 13:49,PENDLE/USD,15min,⚠️ Intervalo ajustado automaticamente para 15min
2025-05-09 14:33,PENDLE/USD,15min,⚠️ Intervalo ajustado automaticamente para 15min
2025-05-09 16:34,PENDLE/USD,15min,⚠️ Intervalo ajustado automaticamente para 15min
2025-05-09 20:32,PENDLE/USD,15min,⚠️ Intervalo ajustado automaticamente para 15min
2025-05-09 21:24,PENDLE/USD,15min,⚠️ Intervalo ajustado automaticamente para 15min
2025-05-09 21:26,PENDLE/USD,15min,⚠️ Intervalo ajustado automaticamente para 15min
2025-05-09 21:39,PENDLE/USD,15min,⚠️ Intervalo ajustado automaticamente para 15min
2025-05-09 21:43,PENDLE/USD,15min,⚠️ Intervalo ajustado automaticamente para 15min
2025-05-09 21:53,PENDLE/USD,15min,⚠️ Intervalo ajustado automaticamente para 15min
2025-05-09 22:29,PENDLE/USD,15min,⚠️ Intervalo ajustado automaticamente para 15min
2025-05-09 22:53,PENDLE/USD,15min,⚠️ Intervalo ajustado automaticamente para 15min
2025-05-09 23:24,PENDLE/USD,15min,⚠️ Intervalo ajustado automaticamente para 15min
2025-05-10 00:12,PENDLE/USD,15min,⚠️ Intervalo ajustado automaticamente para 15min
2025-05-10 13:19,PENDLE/USD,15min,⚠️ Intervalo ajustado automaticamente para 15min
2025-05-10 18:02,PENDLE/USD,15min,⚠️ Intervalo ajustado automaticamente para 15min
2025-05-10 18:05,SOL/USD,15min,⚠️ Intervalo ajustado automaticamente para 15min
2025-05-10 18:11,RAY/USD,15min,⚠️ Intervalo ajustado automaticamente para 15min
2025-05-10 18:40,RAY/USD,15min,⚠️ Intervalo ajustado automaticamente para 15min
2025-05-10 18:44,PENDLE/USD,15min,⚠️ Intervalo ajustado automaticamente para 15min
2025-05-10 18:48,PENDLE/USD,15min,⚠️ Intervalo ajustado automaticamente para 15min
2025-05-10 18:48,PENDLE/USD,15min,⚠️ Intervalo ajustado automaticamente para 15min
2025-05-10 18:48,PENDLE/USD,15min,⚠️ Intervalo ajustado automaticamente para 15min
2025-05-10 18:48,PENDLE/USD,15min,⚠️ Intervalo ajustado automaticamente para 15min
2025-05-10 19:36,PENDLE/USD,15min,⚠️ Intervalo ajustado automaticamente para 15min
2025-05-10 19:36,PENDLE/USD,15min,⚠️ Intervalo ajustado automaticamente para 15min
2025-05-10 23:10,SOL/USD,15min,⚠️ Intervalo ajustado automaticamente para 15min
2025-05-10 23:13,SOL/USD,15min,⚠️ Intervalo ajustado automaticamente para 15min
2025-05-10 23:15,PENDLE/USD,15min,⚠️ Intervalo ajustado automaticamente para 15min
2025-05-10 23:33,PENDLE/USD,15min,⚠️ Intervalo ajustado automaticamente para 15min
2025-05-10 23:35,RAY/USD,15min,⚠️ Intervalo ajustado automaticamente para 15min
2025-05-10 23:50,RAY/USD,15min,⚠️ Intervalo ajustado automaticamente para 15min
2025-05-10 23:52,PENDLE/USD,15min,⚠️ Intervalo ajustado automaticamente para 15min
2025-05-10 23:56,GGBR4,15min,⚠️ Intervalo ajustado automaticamente para 15min
2025-05-10 23:58,GGBR4,15min,⚠️ Intervalo ajustado automaticamente para 15min
2025-05-10 23:58,BRFS3,15min,⚠️ Intervalo ajustado automaticamente para 15min
2025-05-11 00:03,RAY/USD,15min,⚠️ Intervalo ajustado automaticamente para 15min
2025-05-11 00:17,RAY/USD,15min,⚠️ Intervalo ajustado automaticamente para 15min
2025-05-11 00:21,RAY/USD,15min,⚠️ Intervalo ajustado automaticamente para 15min
2025-05-11 00:28,RAY/USD,15min,⚠️ Intervalo ajustado automaticamente para 15min
2025-05-11 00:31,AAVE/USD,15min,⚠️ Intervalo ajustado automaticamente para 15min
2025-05-11 00:31,BTC/USD,15min,⚠️ Intervalo ajustado automaticamente para 15min
2025-05-11 00:32,RAY/USD,15min,⚠️ Intervalo ajustado automaticamente para 15min
2025-05-11 00:33,AAVE/USD,15min,⚠️ Intervalo ajustado automaticamente para 15min
2025-05-11 00:33,BTC/USD,15min,⚠️ Intervalo ajustado automaticamente para 15min
2025-05-11 00:34,RAY/USD,15min,⚠️ Intervalo ajustado automaticamente para 15min
2025-05-11 00:34,AAVE/USD,15min,⚠️ Intervalo ajustado automaticamente para 15min
2025-05-11 00:34,BTC/USD,15min,⚠️ Intervalo ajustado automaticamente para 15min
2025-05-11 00:34,SOL/USD,15min,⚠️ Intervalo ajustado automaticamente para 15min
2025-05-11 00:34,PENDLE/USD,15min,⚠️ Intervalo ajustado automaticamente para 15min
2025-05-11 00:35,RAY/USD,15min,⚠️ Intervalo ajustado automaticamente para 15min
2025-05-11 00:36,AAVE/USD,15min,⚠️ Intervalo ajustado automaticamente para 15min
2025-05-11 00:36,BTC/USD,15min,⚠️ Intervalo ajustado automaticamente para 15min
2025-05-11 00:36,PENDLE/USD,15min,⚠️ Intervalo ajustado automaticamente para 15min
2025-05-11 00:37,SOL/USD,15min,⚠️ Intervalo ajustado automaticamente para 15min
2025-05-11 00:38,RAY/USD,15min,⚠️ Intervalo ajustado automaticamente para 15min
2025-05-11 00:40,PENDLE/USD,15min,⚠️ Intervalo ajustado automaticamente para 15min
2025-05-11 00:44,RAY/USD,15min,⚠️ Intervalo ajustado automaticamente para 15min
2025-05-11 00:47,RAY/USD,15min,⚠️ Intervalo ajustado automaticamente para 15min
2025-05-11 00:49,RAY/USD,15min,⚠️ Intervalo ajustado automaticamente para 15min
2025-05-11 00:50,SOL/USD,15min,⚠️ Intervalo ajustado automaticamente para 15min
2025-05-11 00:55,PENDLE/USD,15min,⚠️ Intervalo ajustado automaticamente para 15min
2025-05-11 01:04,PENDLE/USD,15min,⚠️ Intervalo ajustado automaticamente para 15min
2025-05-11 01:05,BRFS3,15min,⚠️ Intervalo ajustado automaticamente para 15min
2025-05-11 01:07,BRFS3,15min,⚠️ Intervalo ajustado automaticamente para 15min
2025-05-11 01:10,PENDLE/USD,15min,⚠️ Intervalo ajustado automaticamente para 15min
2025-05-11 01:17,PENDLE/USD,15min,⚠️ Intervalo ajustado automaticamente para 15min
2025-05-11 01:17,PENDLE/USD,15min,⚠️ Intervalo ajustado automaticamente para 15min
2025-05-11 01:20,PENDLE/USD,15min,⚠️ Intervalo ajustado automaticamente para 15min
2025-05-11 12:50,PENDLE/USD,15min,⚠️ Intervalo ajustado automaticamente para 15min
2025-05-11 13:29,PENDLE/USD,15min,⚠️ Intervalo ajustado automaticamente para 15min
2025-05-11 13:57,PENDLE/USD,15min,⚠️ Intervalo ajustado automaticamente para 15min
2025-05-11 14:06,PENDLE/USD,15min,⚠️ Intervalo ajustado automaticamente para 15min
2025-05-11 14:17,PENDLE/USD,15min,⚠️ Intervalo ajustado automaticamente para 15min
2025-05-11 14:18,PENDLE/USD,15min,⚠️ Intervalo ajustado automaticamente para 15min
2025-05-11 14:20,PENDLE/USD,15min,⚠️ Intervalo ajustado automaticamente para 15min
2025-05-11 14:23,PENDLE/USD,15min,⚠️ Intervalo ajustado automaticamente para 15min
2025-05-11 14:28,PENDLE/USD,15min,⚠️ Intervalo ajustado automaticamente para 15min
2025-05-11 14:53,PENDLE/USD,15min,⚠️ Intervalo ajustado automaticamente para 15min
2025-05-11 15:27,PENDLE/USD,15min,⚠️ Intervalo ajustado automaticamente para 15min
2025-05-11 15:30,PENDLE/USD,15min,⚠️ Intervalo ajustado automaticamente para 15min
2025-05-11 15:32,PENDLE/USD,15min,⚠️ Intervalo ajustado automaticamente para 15min
2025-05-11 15:35,PENDLE/USD,15min,⚠️ Intervalo ajustado automaticamente para 15min
2025-05-11 19:32,PENDLE/USD,15min,⚠️ Intervalo ajustado automaticamente para 15min
2025-05-11 19:37,PENDLE/USD,15min,⚠️ Intervalo ajustado automaticamente para 15min
2025-05-11 19:42,PENDLE/USD,15min,⚠️ Intervalo ajustado automaticamente para 15min
2025-05-11 20:05,PENDLE/USD,15min,⚠️ Intervalo ajustado automaticamente para 15min
2025-05-11 20:07,PENDLE/USD,15min,⚠️ Intervalo ajustado automaticamente para 15min
2025-05-11 20:10,PENDLE/USD,15min,⚠️ Intervalo ajustado automaticamente para 15min
2025-05-11 20:36,PENDLE/USD,15min,⚠️ Intervalo ajustado automaticamente para 15min
2025-05-11 20:39,PENDLE/USD,15min,⚠️ Intervalo ajustado automaticamente para 15min
2025-05-11 20:45,PENDLE/USD,15min,⚠️ Intervalo ajustado automaticamente para 15min
2025-05-11 20:46,PENDLE/USD,15min,⚠️ Intervalo ajustado automaticamente para 15min
2025-05-11 20:48,PENDLE/USD,15min,⚠️ Intervalo ajustado automaticamente para 15min
2025-05-11 20:51,PENDLE/USD,15min,⚠️ Intervalo ajustado automaticamente para 15min
2025-05-11 20:53,PENDLE/USD,15min,⚠️ Intervalo ajustado automaticamente para 15min
2025-05-11 21:02,PENDLE/USD,15min,⚠️ Intervalo ajustado automaticamente para 15min
2025-05-11 21:04,PENDLE/USD,15min,⚠️ Intervalo ajustado automaticamente para 15min
2025-05-11 21:10,PENDLE/USD,15min,⚠️ Intervalo ajustado automaticamente para 15min
2025-05-11 21:15,PENDLE/USD,15min,⚠️ Intervalo ajustado automaticamente para 15min
2025-05-11 21:26,RAY/USD,15min,⚠️ Intervalo ajustado automaticamente para 15min
2025-05-11 21:44,PENDLE/USD,15min,⚠️ Intervalo ajustado automaticamente para 15min
2025-05-11 21:48,PENDLE/USD,15min,⚠️ Intervalo ajustado automaticamente para 15min
2025-05-11 21:56,PENDLE/USD,15min,⚠️ Intervalo ajustado automaticamente para 15min
2025-05-11 21:57,PENDLE/USD,15min,⚠️ Intervalo ajustado automaticamente para 15min
2025-05-11 22:04,PENDLE/USD,15min,⚠️ Intervalo ajustado automaticamente para 15min
2025-05-11 22:07,PENDLE/USD,15min,⚠️ Intervalo ajustado automaticamente para 15min
2025-05-11 22:07,PENDLE/USD,15min,⚠️ Intervalo ajustado automaticamente para 15min
2025-05-11 22:07,PENDLE/USD,15min,⚠️ Intervalo ajustado automaticamente para 15min
2025-05-11 22:11,PENDLE/USD,15min,⚠️ Intervalo ajustado automaticamente para 15min
2025-05-11 22:12,PENDLE/USD,15min,⚠️ Intervalo ajustado automaticamente para 15min
2025-05-11 22:12,PENDLE/USD,15min,⚠️ Intervalo ajustado automaticamente para 15min
2025-05-11 22:12,PENDLE/USD,15min,⚠️ Intervalo ajustado automaticamente para 15min
2025-05-11 22:24,PENDLE/USD,15min,⚠️ Intervalo ajustado automaticamente para 15min
2025-05-11 22:28,PENDLE/USD,15min,⚠️ Intervalo ajustado automaticamente para 15min
2025-05-11 22:33,PENDLE/USD,15min,⚠️ Intervalo ajustado automaticamente para 15min
2025-05-11 22:33,PENDLE/USD,15min,⚠️ Intervalo ajustado automaticamente para 15min
2025-05-11 22:36,PENDLE/USD,15min,⚠️ Intervalo ajustado automaticamente para 15min
2025-05-11 22:38,PENDLE/USD,15min,⚠️ Intervalo ajustado automaticamente para 15min
2025-05-11 22:43,PENDLE/USD,15min,⚠️ Intervalo ajustado automaticamente para 15min
2025-05-11 22:45,PENDLE/USD,15min,⚠️ Intervalo ajustado automaticamente para 15min
2025-05-11 22:49,PENDLE/USD,15min,⚠️ Intervalo ajustado automaticamente para 15min
2025-05-11 22:51,PENDLE/USD,15min,⚠️ Intervalo ajustado automaticamente para 15min
2025-05-11 22:52,PENDLE/USD,15min,⚠️ Intervalo ajustado automaticamente para 15min
2025-05-11 22:52,PENDLE/USD,15min,⚠️ Intervalo ajustado automaticamente para 15min
2025-05-11 22:52,PENDLE/USD,15min,⚠️ Intervalo ajustado automaticamente para 15min
2025-05-11 22:53,PENDLE/USD,15min,⚠️ Intervalo ajustado automaticamente para 15min
2025-05-11 22:56,PENDLE/USD,15min,⚠️ Intervalo ajustado automaticamente para 15min
2025-05-11 22:56,PENDLE/USD,15min,⚠️ Intervalo ajustado automaticamente para 15min
2025-05-11 23:05,PENDLE/USD,15min,⚠️ Intervalo ajustado automaticamente para 15min
2025-05-11 23:17,PENDLE/USD,15min,⚠️ Intervalo ajustado automaticamente para 15min
2025-05-11 23:25,PENDLE/USD,15min,⚠️ Intervalo ajustado automaticamente para 15min
2025-05-11 23:27,PENDLE/USD,15min,⚠️ Intervalo ajustado automaticamente para 15min
2025-05-11 23:28,PENDLE/USD,15min,⚠️ Intervalo ajustado automaticamente para 15min
2025-05-11 23:33,PENDLE/USD,15min,⚠️ Intervalo ajustado automaticamente para 15min
2025-05-11 23:39,PENDLE/USD,15min,⚠️ Intervalo ajustado automaticamente para 15min
2025-05-11 23:41,PENDLE/USD,15min,⚠️ Intervalo ajustado automaticamente para 15min
2025-05-12 08:26,PENDLE/USD,15min,⚠️ Intervalo ajustado automaticamente para 15min
2025-05-12 08:29,PENDLE/USD,15min,⚠️ Intervalo ajustado automaticamente para 15min
2025-05-12 08:30,PENDLE/USD,15min,⚠️ Intervalo ajustado automaticamente para 15min
2025-05-12 09:04,PENDLE/USD,15min,⚠️ Intervalo ajustado automaticamente para 15min
2025-05-12 09:11,PENDLE/USD,15min,⚠️ Intervalo ajustado automaticamente para 15min
2025-05-12 09:11,PENDLE/USD,15min,⚠️ Intervalo ajustado automaticamente para 15min
2025-05-12 09:23,PENDLE/USD,15min,⚠️ Intervalo ajustado automaticamente para 15min
2025-05-12 12:14,PENDLE/USD,15min,⚠️ Intervalo ajustado automaticamente para 15min
2025-05-12 12:24,PENDLE/USD,15min,⚠️ Intervalo ajustado automaticamente para 15min
2025-05-12 13:21,PENDLE/USD,15min,⚠️ Intervalo ajustado automaticamente para 15min
2025-05-12 14:15,PENDLE/USD,15min,⚠️ Intervalo ajustado automaticamente para 15min
2025-05-12 15:12,PENDLE/USD,15min,⚠️ Intervalo ajustado automaticamente para 15min
2025-05-12 15:13,PENDLE/USD,15min,⚠️ Intervalo ajustado automaticamente para 15min
2025-05-12 15:26,PENDLE/USD,15min,⚠️ Intervalo ajustado automaticamente para 15min
2025-05-12 15:30,PENDLE/USD,15min,⚠️ Intervalo ajustado automaticamente para 15min
2025-05-12 15:33,PENDLE/USD,15min,⚠️ Intervalo ajustado automaticamente para 15min
2025-05-12 15:38,PENDLE/USD,15min,⚠️ Intervalo ajustado automaticamente para 15min
2025-05-12 15:40,PENDLE/USD,15min,⚠️ Intervalo ajustado automaticamente para 15min
2025-05-12 15:44,PENDLE/USD,15min,⚠️ Intervalo ajustado automaticamente para 15min
2025-05-12 15:53,PENDLE/USD,15min,⚠️ Intervalo ajustado automaticamente para 15min
2025-05-12 15:56,PENDLE/USD,15min,⚠️ Intervalo ajustado automaticamente para 15min
2025-05-12 17:20,PENDLE/USD,15min,⚠️ Intervalo ajustado automaticamente para 15min
2025-05-12 17:22,PENDLE/USD,15min,⚠️ Intervalo ajustado automaticamente para 15min
2025-05-12 17:31,PENDLE/USD,15min,⚠️ Intervalo ajustado automaticamente para 15min
2025-05-12 17:40,PENDLE/USD,15min,⚠️ Intervalo ajustado automaticamente para 15min
2025-05-12 17:42,PENDLE/USD,15min,⚠️ Intervalo ajustado automaticamente para 15min
2025-05-12 17:59,PENDLE/USD,15min,⚠️ Intervalo ajustado automaticamente para 15min
2025-05-12 18:44,PENDLE/USD,15min,⚠️ Intervalo ajustado automaticamente para 15min
2025-05-12 19:32,PENDLE/USD,15min,⚠️ Intervalo ajustado automaticamente para 15min
2025-05-12 19:57,PENDLE/USD,15min,⚠️ Intervalo ajustado automaticamente para 15min
2025-05-12 20:18,PENDLE/USD,15min,⚠️ Intervalo ajustado automaticamente para 15min
2025-05-12 20:24,PENDLE/USD,15min,⚠️ Intervalo ajustado automaticamente para 15min
2025-05-12 20:58,PENDLE/USD,15min,⚠️ Intervalo ajustado automaticamente para 15min
2025-05-12 22:38,PENDLE/USD,15min,⚠️ Intervalo ajustado automaticamente para 15min
2025-05-12 23:15,RAY/USD,15min,⚠️ Intervalo ajustado automaticamente para 15min
2025-05-12 23:16,AAVE/USD,15min,⚠️ Intervalo ajustado automaticamente para 15min
2025-05-12 23:16,BTC/USD,15min,⚠️ Intervalo ajustado automaticamente para 15min
2025-05-12 23:17,PENDLE/USD,15min,⚠️ Intervalo ajustado automaticamente para 15min
2025-05-12 23:17,SOL/USD,15min,⚠️ Intervalo ajustado automaticamente para 15min
2025-05-12 23:22,PENDLE/USD,15min,⚠️ Intervalo ajustado automaticamente para 15min
2025-05-13 12:34,SOL/USD,15min,⚠️ Intervalo ajustado automaticamente para 15min
2025-05-13 12:34,SOL/USD,15min,⚠️ Intervalo ajustado automaticamente para 15min
2025-05-13 12:45,PENDLE/USD,15min,⚠️ Intervalo ajustado automaticamente para 15min
2025-05-13 14:34,PENDLE/USD,15min,⚠️ Intervalo ajustado automaticamente para 15min
2025-05-13 18:34,PENDLE/USD,15min,⚠️ Intervalo ajustado automaticamente para 15min
2025-05-13 22:50,PENDLE/USD,15min,⚠️ Intervalo ajustado automaticamente para 15min
2025-05-13 23:00,PENDLE/USD,15min,⚠️ Intervalo ajustado automaticamente para 15min
2025-05-13 23:09,PENDLE/USD,15min,⚠️ Intervalo ajustado automaticamente para 15min
2025-05-13 23:48,PENDLE/USD,15min,⚠️ Intervalo ajustado automaticamente para 15min
2025-05-14 00:28,PENDLE/USD,15min,⚠️ Intervalo ajustado automaticamente para 15min
2025-05-14 13:10,PENDLE/USD,15min,⚠️ Intervalo ajustado automaticamente para 15min
2025-05-14 13:32,PENDLE/USD,15min,⚠️ Intervalo ajustado automaticamente para 15min
2025-05-14 13:37,RAY/USD,15min,⚠️ Intervalo ajustado automaticamente para 15min
2025-05-14 13:38,AAVE/USD,15min,⚠️ Intervalo ajustado automaticamente para 15min
2025-05-14 13:38,BTC/USD,15min,⚠️ Intervalo ajustado automaticamente para 15min
2025-05-14 13:38,PENDLE/USD,15min,⚠️ Intervalo ajustado automaticamente para 15min
2025-05-14 13:39,SOL/USD,15min,⚠️ Intervalo ajustado automaticamente para 15min
2025-05-14 13:42,RAY/USD,15min,⚠️ Intervalo ajustado automaticamente para 15min
2025-05-14 13:42,AAVE/USD,15min,⚠️ Intervalo ajustado automaticamente para 15min
2025-05-14 13:42,BTC/USD,15min,⚠️ Intervalo ajustado automaticamente para 15min
2025-05-14 13:42,SOL/USD,15min,⚠️ Intervalo ajustado automaticamente para 15min
2025-05-14 13:43,PENDLE/USD,15min,⚠️ Intervalo ajustado automaticamente para 15min
2025-05-14 14:00,PENDLE/USD,15min,⚠️ Intervalo ajustado automaticamente para 15min
2025-05-14 14:22,PENDLE/USD,15min,⚠️ Intervalo ajustado automaticamente para 15min
2025-05-14 14:31,PENDLE/USD,15min,⚠️ Intervalo ajustado automaticamente para 15min
2025-05-14 14:51,PENDLE/USD,15min,⚠️ Intervalo ajustado automaticamente para 15min
2025-05-14 14:55,PENDLE/USD,15min,⚠️ Intervalo ajustado automaticamente para 15min
2025-05-14 15:11,PENDLE/USD,15min,⚠️ Intervalo ajustado automaticamente para 15min
2025-05-14 15:20,PENDLE/USD,15min,⚠️ Intervalo ajustado automaticamente para 15min
2025-05-14 15:27,PENDLE/USD,15min,⚠️ Intervalo ajustado automaticamente para 15min
2025-05-14 15:27,PENDLE/USD,15min,⚠️ Intervalo ajustado automaticamente para 15min
2025-05-14 15:28,PENDLE/USD,15min,⚠️ Intervalo ajustado automaticamente para 15min
2025-05-14 15:29,PENDLE/USD,15min,⚠️ Intervalo ajustado automaticamente para 15min
2025-05-14 15:32,PENDLE/USD,15min,⚠️ Intervalo ajustado automaticamente para 15min
2025-05-14 15:57,PENDLE/USD,15min,⚠️ Intervalo ajustado automaticamente para 15min
2025-05-14 19:07,PENDLE/USD,15min,⚠️ Intervalo ajustado automaticamente para 15min
2025-05-14 19:12,PENDLE/USD,15min,⚠️ Intervalo ajustado automaticamente para 15min
2025-05-14 20:12,PENDLE/USD,15min,⚠️ Intervalo ajustado automaticamente para 15min
2025-05-14 22:08,PENDLE/USD,15min,⚠️ Intervalo ajustado automaticamente para 15min
2025-05-14 22:08,PENDLE/USD,15min,⚠️ Intervalo ajustado automaticamente para 15min
2025-05-14 22:09,PENDLE/USD,15min,⚠️ Intervalo ajustado automaticamente para 15min
2025-05-14 22:09,PENDLE/USD,15min,⚠️ Intervalo ajustado automaticamente para 15min
2025-05-14 22:13,PENDLE/USD,15min,⚠️ Intervalo ajustado automaticamente para 15min
2025-05-14 22:13,PENDLE/USD,15min,⚠️ Intervalo ajustado automaticamente para 15min
2025-05-14 22:13,PENDLE/USD,15min,⚠️ Intervalo ajustado automaticamente para 15min
2025-05-14 22:19,PENDLE/USD,15min,⚠️ Intervalo ajustado automaticamente para 15min
2025-05-14 22:19,PENDLE/USD,15min,⚠️ Intervalo ajustado automaticamente para 15min
2025-05-14 22:37,PENDLE/USD,15min,⚠️ Intervalo ajustado automaticamente para 15min
2025-05-14 22:40,PENDLE/USD,15min,⚠️ Intervalo ajustado automaticamente para 15min
2025-05-14 22:40,PENDLE/USD,15min,⚠️ Intervalo ajustado automaticamente para 15min
2025-05-14 22:40,PENDLE/USD,15min,⚠️ Intervalo ajustado automaticamente para 15min
2025-05-14 22:44,PENDLE/USD,15min,⚠️ Intervalo ajustado automaticamente para 15min
2025-05-14 22:44,PENDLE/USD,15min,⚠️ Intervalo ajustado automaticamente para 15min
2025-05-14 22:50,PENDLE/USD,15min,⚠️ Intervalo ajustado automaticamente para 15min
2025-05-14 23:02,PENDLE/USD,15min,⚠️ Intervalo ajustado automaticamente para 15min
2025-05-14 23:11,PENDLE/USD,15min,⚠️ Intervalo ajustado automaticamente para 15min
2025-05-14 23:38,PENDLE/USD,15min,⚠️ Intervalo ajustado automaticamente para 15min
2025-05-14 23:44,PENDLE/USD,15min,⚠️ Intervalo ajustado automaticamente para 15min
2025-05-14 23:56,RAY/USD,15min,⚠️ Intervalo ajustado automaticamente para 15min
2025-05-14 23:56,AAVE/USD,15min,⚠️ Intervalo ajustado automaticamente para 15min
2025-05-14 23:56,BTC/USD,15min,⚠️ Intervalo ajustado automaticamente para 15min
2025-05-14 23:57,SOL/USD,15min,⚠️ Intervalo ajustado automaticamente para 15min
2025-05-14 23:57,PENDLE/USD,15min,⚠️ Intervalo ajustado automaticamente para 15min
2025-05-15 00:02,RAY/USD,15min,⚠️ Intervalo ajustado automaticamente para 15min
2025-05-15 00:02,AAVE/USD,15min,⚠️ Intervalo ajustado automaticamente para 15min
2025-05-15 00:02,BTC/USD,15min,⚠️ Intervalo ajustado automaticamente para 15min
2025-05-15 00:02,SOL/USD,15min,⚠️ Intervalo ajustado automaticamente para 15min
2025-05-15 00:03,PENDLE/USD,15min,⚠️ Intervalo ajustado automaticamente para 15min
2025-05-15 00:06,RAY/USD,15min,⚠️ Intervalo ajustado automaticamente para 15min
2025-05-15 00:06,AAVE/USD,15min,⚠️ Intervalo ajustado automaticamente para 15min
2025-05-15 00:07,BTC/USD,15min,⚠️ Intervalo ajustado automaticamente para 15min
2025-05-15 00:07,SOL/USD,15min,⚠️ Intervalo ajustado automaticamente para 15min
2025-05-15 00:07,PENDLE/USD,15min,⚠️ Intervalo ajustado automaticamente para 15min
2025-05-15 00:10,RAY/USD,15min,⚠️ Intervalo ajustado automaticamente para 15min
2025-05-15 00:10,AAVE/USD,15min,⚠️ Intervalo ajustado automaticamente para 15min
2025-05-15 00:10,BTC/USD,15min,⚠️ Intervalo ajustado automaticamente para 15min
2025-05-15 00:10,SOL/USD,15min,⚠️ Intervalo ajustado automaticamente para 15min
2025-05-15 00:11,PENDLE/USD,15min,⚠️ Intervalo ajustado automaticamente para 15min
2025-05-15 00:16,RAY/USD,15min,⚠️ Intervalo ajustado automaticamente para 15min
2025-05-15 00:16,AAVE/USD,15min,⚠️ Intervalo ajustado automaticamente para 15min
2025-05-15 00:16,BTC/USD,15min,⚠️ Intervalo ajustado automaticamente para 15min
2025-05-15 00:16,SOL/USD,15min,⚠️ Intervalo ajustado automaticamente para 15min
2025-05-15 00:17,PENDLE/USD,15min,⚠️ Intervalo ajustado automaticamente para 15min
2025-05-15 00:24,RAY/USD,15min,⚠️ Intervalo ajustado automaticamente para 15min
2025-05-15 00:24,RAY/USD,15min,⚠️ Intervalo ajustado automaticamente para 15min
2025-05-15 00:24,AAVE/USD,15min,⚠️ Intervalo ajustado automaticamente para 15min
2025-05-15 00:24,AAVE/USD,15min,⚠️ Intervalo ajustado automaticamente para 15min
2025-05-15 00:24,BTC/USD,15min,⚠️ Intervalo ajustado automaticamente para 15min
2025-05-15 00:25,BTC/USD,15min,⚠️ Intervalo ajustado automaticamente para 15min
2025-05-15 00:25,SOL/USD,15min,⚠️ Intervalo ajustado automaticamente para 15min
2025-05-15 00:25,SOL/USD,15min,⚠️ Intervalo ajustado automaticamente para 15min
2025-05-15 00:25,PENDLE/USD,15min,⚠️ Intervalo ajustado automaticamente para 15min
2025-05-15 00:25,PENDLE/USD,15min,⚠️ Intervalo ajustado automaticamente para 15min
2025-05-15 00:26,RAY/USD,15min,⚠️ Intervalo ajustado automaticamente para 15min
2025-05-15 00:27,AAVE/USD,15min,⚠️ Intervalo ajustado automaticamente para 15min
2025-05-15 00:27,BTC/USD,15min,⚠️ Intervalo ajustado automaticamente para 15min
2025-05-15 00:28,PENDLE/USD,15min,⚠️ Intervalo ajustado automaticamente para 15min
2025-05-15 00:28,SOL/USD,15min,⚠️ Intervalo ajustado automaticamente para 15min
2025-05-15 00:30,PENDLE/USD,15min,⚠️ Intervalo ajustado automaticamente para 15min
2025-05-15 00:34,PENDLE/USD,15min,⚠️ Intervalo ajustado automaticamente para 15min
2025-05-15 00:42,PENDLE/USD,15min,⚠️ Intervalo ajustado automaticamente para 15min
2025-05-15 00:42,PENDLE/USD,15min,⚠️ Intervalo ajustado automaticamente para 15min
2025-05-15 00:42,PENDLE/USD,15min,⚠️ Intervalo ajustado automaticamente para 15min
2025-05-15 00:42,PENDLE/USD,15min,⚠️ Intervalo ajustado automaticamente para 15min
2025-05-15 00:51,PENDLE/USD,15min,⚠️ Intervalo ajustado automaticamente para 15min
2025-05-15 00:58,PENDLE/USD,15min,⚠️ Intervalo ajustado automaticamente para 15min
2025-05-15 05:35,PENDLE/USD,15min,⚠️ Intervalo ajustado automaticamente para 15min
2025-05-15 05:35,PENDLE/USD,15min,⚠️ Intervalo ajustado automaticamente para 15min
2025-05-15 05:36,PENDLE/USD,15min,⚠️ Intervalo ajustado automaticamente para 15min
2025-05-15 05:36,PENDLE/USD,15min,⚠️ Intervalo ajustado automaticamente para 15min
2025-05-15 05:39,PENDLE/USD,15min,⚠️ Intervalo ajustado automaticamente para 15min
2025-05-15 05:39,PENDLE/USD,15min,⚠️ Intervalo ajustado automaticamente para 15min
2025-05-15 05:39,PENDLE/USD,15min,⚠️ Intervalo ajustado automaticamente para 15min
2025-05-15 06:11,PENDLE/USD,15min,⚠️ Intervalo ajustado automaticamente para 15min
2025-05-15 12:33,PENDLE/USD,15min,⚠️ Intervalo ajustado automaticamente para 15min
2025-05-15 12:42,PENDLE/USD,15min,⚠️ Intervalo ajustado automaticamente para 15min
2025-05-15 12:42,PENDLE/USD,15min,⚠️ Intervalo ajustado automaticamente para 15min
2025-05-15 12:42,PENDLE/USD,15min,⚠️ Intervalo ajustado automaticamente para 15min
2025-05-15 12:42,PENDLE/USD,15min,⚠️ Intervalo ajustado automaticamente para 15min
2025-05-15 12:47,PENDLE/USD,15min,⚠️ Intervalo ajustado automaticamente para 15min
2025-05-15 12:52,PENDLE/USD,15min,⚠️ Intervalo ajustado automaticamente para 15min
2025-05-15 13:10,PENDLE/USD,15min,⚠️ Intervalo ajustado automaticamente para 15min
2025-05-15 13:10,PENDLE/USD,15min,⚠️ Intervalo ajustado automaticamente para 15min
2025-05-15 13:10,PENDLE/USD,15min,⚠️ Intervalo ajustado automaticamente para 15min
2025-05-15 13:10,PENDLE/USD,15min,⚠️ Intervalo ajustado automaticamente para 15min
2025-05-15 13:23,PENDLE/USD,15min,⚠️ Intervalo ajustado automaticamente para 15min
2025-05-15 13:32,PENDLE/USD,15min,⚠️ Intervalo ajustado automaticamente para 15min
2025-05-15 13:32,PENDLE/USD,15min,⚠️ Intervalo ajustado automaticamente para 15min
2025-05-15 13:32,PENDLE/USD,15min,⚠️ Intervalo ajustado automaticamente para 15min
2025-05-15 18:32,PENDLE/USD,15min,⚠️ Intervalo ajustado automaticamente para 15min
2025-05-15 18:45,PENDLE/USD,15min,⚠️ Intervalo ajustado automaticamente para 15min
2025-05-15 18:45,PENDLE/USD,15min,⚠️ Intervalo ajustado automaticamente para 15min
2025-05-15 18:45,PENDLE/USD,15min,⚠️ Intervalo ajustado automaticamente para 15min
2025-05-15 22:00,PENDLE/USD,15min,⚠️ Intervalo ajustado automaticamente para 15min
2025-05-15 23:22,PENDLE/USD,15min,⚠️ Intervalo ajustado automaticamente para 15min
2025-05-15 23:22,PENDLE/USD,15min,⚠️ Intervalo ajustado automaticamente para 15min
2025-05-15 23:23,PENDLE/USD,15min,⚠️ Intervalo ajustado automaticamente para 15min
2025-05-15 23:23,PENDLE/USD,15min,⚠️ Intervalo ajustado automaticamente para 15min
2025-05-15 23:23,PENDLE/USD,15min,⚠️ Intervalo ajustado automaticamente para 15min
2025-05-15 23:31,RAY/USD,15min,⚠️ Intervalo ajustado automaticamente para 15min
2025-05-15 23:31,RAY/USD,15min,⚠️ Intervalo ajustado automaticamente para 15min
2025-05-15 23:31,SOL/USD,15min,⚠️ Intervalo ajustado automaticamente para 15min
2025-05-15 23:31,SOL/USD,15min,⚠️ Intervalo ajustado automaticamente para 15min
2025-05-15 23:31,PENDLE/USD,15min,⚠️ Intervalo ajustado automaticamente para 15min
2025-05-15 23:32,PENDLE/USD,15min,⚠️ Intervalo ajustado automaticamente para 15min
2025-05-15 23:32,RAY/USD,15min,⚠️ Intervalo ajustado automaticamente para 15min
2025-05-15 23:32,PENDLE/USD,15min,⚠️ Intervalo ajustado automaticamente para 15min
2025-05-15 23:33,SOL/USD,15min,⚠️ Intervalo ajustado automaticamente para 15min
2025-05-16 00:20,PENDLE/USD,15min,⚠️ Intervalo ajustado automaticamente para 15min
2025-05-16 10:39,PENDLE/USD,15min,⚠️ Intervalo ajustado automaticamente para 15min
2025-05-16 10:41,PENDLE/USD,15min,⚠️ Intervalo ajustado automaticamente para 15min
2025-05-16 10:41,PENDLE/USD,15min,⚠️ Intervalo ajustado automaticamente para 15min
2025-05-16 10:41,PENDLE/USD,15min,⚠️ Intervalo ajustado automaticamente para 15min
2025-05-16 10:41,PENDLE/USD,15min,⚠️ Intervalo ajustado automaticamente para 15min
2025-05-16 10:41,PENDLE/USD,15min,⚠️ Intervalo ajustado automaticamente para 15min
2025-05-16 10:46,PENDLE/USD,15min,⚠️ Intervalo ajustado automaticamente para 15min
2025-05-16 10:50,PENDLE/USD,15min,⚠️ Intervalo ajustado automaticamente para 15min
2025-05-16 10:56,PENDLE/USD,15min,⚠️ Intervalo ajustado automaticamente para 15min
2025-05-16 11:24,PENDLE/USD,15min,⚠️ Intervalo ajustado automaticamente para 15min
2025-05-16 11:45,PENDLE/USD,15min,⚠️ Intervalo ajustado automaticamente para 15min
2025-05-16 11:53,PENDLE/USD,15min,⚠️ Intervalo ajustado automaticamente para 15min
2025-05-16 11:53,PENDLE/USD,15min,⚠️ Intervalo ajustado automaticamente para 15min
2025-05-16 13:54,PENDLE/USD,15min,⚠️ Intervalo ajustado automaticamente para 15min
2025-05-16 13:54,PENDLE/USD,15min,⚠️ Intervalo ajustado automaticamente para 15min
2025-05-16 13:54,PENDLE/USD,15min,⚠️ Intervalo ajustado automaticamente para 15min
2025-05-16 13:54,PENDLE/USD,15min,⚠️ Intervalo ajustado automaticamente para 15min
2025-05-16 13:55,PENDLE/USD,15min,⚠️ Intervalo ajustado automaticamente para 15min
2025-05-16 13:55,PENDLE/USD,15min,⚠️ Intervalo ajustado automaticamente para 15min
2025-05-16 13:56,PENDLE/USD,15min,⚠️ Intervalo ajustado automaticamente para 15min
2025-05-16 13:56,PENDLE/USD,15min,⚠️ Intervalo ajustado automaticamente para 15min
2025-05-16 14:48,PENDLE/USD,15min,⚠️ Intervalo ajustado automaticamente para 15min
2025-05-16 14:48,PENDLE/USD,15min,⚠️ Intervalo ajustado automaticamente para 15min
2025-05-16 14:48,PENDLE/USD,15min,⚠️ Intervalo ajustado automaticamente para 15min
2025-05-16 14:53,SOL/USD,15min,⚠️ Intervalo ajustado automaticamente para 15min
2025-05-16 14:55,PENDLE/USD,15min,⚠️ Intervalo ajustado automaticamente para 15min
2025-05-16 17:42,PENDLE/USD,15min,⚠️ Intervalo ajustado automaticamente para 15min
2025-05-16 17:43,PENDLE/USD,15min,⚠️ Intervalo ajustado automaticamente para 15min
2025-05-16 17:43,PENDLE/USD,15min,⚠️ Intervalo ajustado automaticamente para 15min
2025-05-16 17:43,PENDLE/USD,15min,⚠️ Intervalo ajustado automaticamente para 15min
2025-05-16 18:11,PENDLE/USD,15min,⚠️ Intervalo ajustado automaticamente para 15min
2025-05-16 21:15,PENDLE/USD,15min,⚠️ Intervalo ajustado automaticamente para 15min
2025-05-16 23:32,PENDLE/USD,15min,⚠️ Intervalo ajustado automaticamente para 15min
2025-05-17 01:02,PENDLE/USD,15min,⚠️ Intervalo ajustado automaticamente para 15min
2025-05-17 11:33,PENDLE/USD,15min,⚠️ Intervalo ajustado automaticamente para 15min
2025-05-17 14:30,PENDLE/USD,15min,⚠️ Intervalo ajustado automaticamente para 15min
2025-05-17 21:41,PENDLE/USD,15min,⚠️ Intervalo ajustado automaticamente para 15min
2025-05-17 22:27,PENDLE/USD,15min,⚠️ Intervalo ajustado automaticamente para 15min
2025-05-17 22:27,PENDLE/USD,15min,⚠️ Intervalo ajustado automaticamente para 15min
2025-05-17 22:27,PENDLE/USD,15min,⚠️ Intervalo ajustado automaticamente para 15min
2025-05-17 22:28,PENDLE/USD,15min,⚠️ Intervalo ajustado automaticamente para 15min
2025-05-18 07:18,PENDLE/USD,15min,⚠️ Intervalo ajustado automaticamente para 15min
2025-05-18 07:18,PENDLE/USD,15min,⚠️ Intervalo ajustado automaticamente para 15min
2025-05-18 07:18,PENDLE/USD,15min,⚠️ Intervalo ajustado automaticamente para 15min
2025-05-18 11:45,PENDLE/USD,15min,⚠️ Intervalo ajustado automaticamente para 15min
2025-05-18 20:03,PENDLE/USD,15min,⚠️ Intervalo ajustado automaticamente para 15min
2025-05-18 22:21,PENDLE/USD,15min,⚠️ Intervalo ajustado automaticamente para 15min
2025-05-19 00:23,PENDLE/USD,15min,⚠️ Intervalo ajustado automaticamente para 15min
2025-05-19 12:04,PENDLE/USD,1h,⚠️ Intervalo ajustado automaticamente para 1h
2025-05-19 12:10,PENDLE/USD,15min,⚠️ Intervalo ajustado automaticamente para 15min
2025-05-19 21:14,PENDLE/USD,15min,⚠️ Intervalo ajustado automaticamente para 15min
2025-05-19 21:15,PENDLE/USD,15min,⚠️ Intervalo ajustado automaticamente para 15min
2025-05-19 21:15,PENDLE/USD,15min,⚠️ Intervalo ajustado automaticamente para 15min
2025-05-19 21:16,PENDLE/USD,15min,⚠️ Intervalo ajustado automaticamente para 15min
2025-05-19 21:16,PENDLE/USD,15min,⚠️ Intervalo ajustado automaticamente para 15min
2025-05-19 21:16,PENDLE/USD,15min,⚠️ Intervalo ajustado automaticamente para 15min
2025-05-19 21:16,PENDLE/USD,15min,⚠️ Intervalo ajustado automaticamente para 15min
2025-05-19 21:21,PENDLE/USD,15min,⚠️ Intervalo ajustado automaticamente para 15min
2025-05-19 21:40,PENDLE/USD,15min,⚠️ Intervalo ajustado automaticamente para 15min
2025-05-19 21:40,PENDLE/USD,15min,⚠️ Intervalo ajustado automaticamente para 15min
2025-05-19 22:46,PENDLE/USD,15min,⚠️ Intervalo ajustado automaticamente para 15min
2025-05-19 23:03,BTC/USD,15min,⚠️ Intervalo ajustado automaticamente para 15min
2025-05-19 23:06,PENDLE/USD,15min,⚠️ Intervalo ajustado automaticamente para 15min
2025-05-21 13:50,PENDLE/USD,15min,⚠️ Intervalo ajustado automaticamente para 15min
2025-05-21 14:18,PENDLE/USD,15min,⚠️ Intervalo ajustado automaticamente para 15min
2025-05-21 14:18,PENDLE/USD,15min,⚠️ Intervalo ajustado automaticamente para 15min
2025-05-21 14:18,PENDLE/USD,15min,⚠️ Intervalo ajustado automaticamente para 15min
2025-05-21 14:19,PENDLE/USD,15min,⚠️ Intervalo ajustado automaticamente para 15min
2025-05-21 17:06,PENDLE/USD,15min,⚠️ Intervalo ajustado automaticamente para 15min
2025-05-22 01:34,PENDLE/USD,15min,⚠️ Intervalo ajustado automaticamente para 15min
2025-05-22 01:38,PENDLE/USD,15min,⚠️ Intervalo ajustado automaticamente para 15min
2025-05-22 01:38,PENDLE/USD,15min,⚠️ Intervalo ajustado automaticamente para 15min
2025-05-22 01:38,PENDLE/USD,15min,⚠️ Intervalo ajustado automaticamente para 15min
2025-05-23 09:41,BTC/USD,15min,⚠️ Intervalo ajustado automaticamente para 15min
2025-05-23 09:41,BTC/USD,15min,⚠️ Intervalo ajustado automaticamente para 15min
2025-05-23 09:43,PENDLE/USD,15min,⚠️ Intervalo ajustado automaticamente para 15min
2025-05-23 09:44,PENDLE/USD,15min,⚠️ Intervalo ajustado automaticamente para 15min
2025-05-23 21:50,PENDLE/USD,15min,⚠️ Intervalo ajustado automaticamente para 15min
2025-05-23 21:52,PENDLE/USD,15min,⚠️ Intervalo ajustado automaticamente para 15min
2025-05-23 21:52,PENDLE/USD,15min,⚠️ Intervalo ajustado automaticamente para 15min
2025-05-23 21:52,PENDLE/USD,15min,⚠️ Intervalo ajustado automaticamente para 15min
2025-05-23 21:52,PENDLE/USD,15min,⚠️ Intervalo ajustado automaticamente para 15min
2025-05-23 21:57,PENDLE/USD,15min,⚠️ Intervalo ajustado automaticamente para 15min
2025-05-23 21:59,PENDLE/USD,15min,⚠️ Intervalo ajustado automaticamente para 15min
2025-05-23 21:59,PENDLE/USD,15min,⚠️ Intervalo ajustado automaticamente para 15min
2025-05-23 21:59,PENDLE/USD,15min,⚠️ Intervalo ajustado automaticamente para 15min
2025-05-23 21:59,PENDLE/USD,15min,⚠️ Intervalo ajustado automaticamente para 15min
2025-05-23 22:03,RAY/USD,15min,⚠️ Intervalo ajustado automaticamente para 15min
2025-05-23 22:03,PENDLE/USD,15min,⚠️ Intervalo ajustado automaticamente para 15min
2025-05-23 22:04,SOL/USD,15min,⚠️ Intervalo ajustado automaticamente para 15min
2025-05-23 22:05,PENDLE/USD,15min,⚠️ Intervalo ajustado automaticamente para 15min
2025-05-23 23:36,PENDLE/USD,15min,⚠️ Intervalo ajustado automaticamente para 15min
2025-05-23 23:47,PENDLE/USD,15min,⚠️ Intervalo ajustado automaticamente para 15min
2025-05-23 23:47,PENDLE/USD,15min,⚠️ Intervalo ajustado automaticamente para 15min
2025-05-23 23:47,PENDLE/USD,15min,⚠️ Intervalo ajustado automaticamente para 15min
2025-05-23 23:47,PENDLE/USD,15min,⚠️ Intervalo ajustado automaticamente para 15min
2025-05-23 23:47,PENDLE/USD,15min,⚠️ Intervalo ajustado automaticamente para 15min
2025-05-24 23:54,PENDLE/USD,15min,⚠️ Intervalo ajustado automaticamente para 15min
2025-05-24 23:59,PENDLE/USD,15min,⚠️ Intervalo ajustado automaticamente para 15min
2025-05-24 23:59,BTC/USD,15min,⚠️ Intervalo ajustado automaticamente para 15min
2025-05-25 00:35,PENDLE/USD,15min,⚠️ Intervalo ajustado automaticamente para 15min
2025-05-25 00:35,PENDLE/USD,15min,⚠️ Intervalo ajustado automaticamente para 15min
2025-05-25 00:35,PENDLE/USD,15min,⚠️ Intervalo ajustado automaticamente para 15min
2025-05-25 00:35,PENDLE/USD,15min,⚠️ Intervalo ajustado automaticamente para 15min
2025-05-25 12:21,PENDLE/USD,15min,⚠️ Intervalo ajustado automaticamente para 15min
2025-05-25 12:36,PENDLE/USD,15min,⚠️ Intervalo ajustado automaticamente para 15min
2025-05-25 21:02,PENDLE/USD,15min,⚠️ Intervalo ajustado automaticamente para 15min
2025-05-25 21:12,PENDLE/USD,15min,⚠️ Intervalo ajustado automaticamente para 15min
2025-05-25 21:42,PENDLE/USD,15min,⚠️ Intervalo ajustado automaticamente para 15min
2025-05-25 22:03,PENDLE/USD,15min,⚠️ Intervalo ajustado automaticamente para 15min
2025-05-25 22:36,PENDLE/USD,15min,⚠️ Intervalo ajustado automaticamente para 15min
2025-05-25 22:36,PENDLE/USD,15min,⚠️ Intervalo ajustado automaticamente para 15min
2025-05-25 22:36,PENDLE/USD,15min,⚠️ Intervalo ajustado automaticamente para 15min
2025-05-25 22:36,PENDLE/USD,15min,⚠️ Intervalo ajustado automaticamente para 15min
2025-05-25 22:39,PENDLE/USD,15min,⚠️ Intervalo ajustado automaticamente para 15min
2025-05-25 22:39,PENDLE/USD,15min,⚠️ Intervalo ajustado automaticamente para 15min
2025-05-25 22:39,PENDLE/USD,15min,⚠️ Intervalo ajustado automaticamente para 15min
2025-05-26 15:08,PENDLE/USD,15min,⚠️ Intervalo ajustado automaticamente para 15min
2025-05-26 17:41,PENDLE/USD,15min,⚠️ Intervalo ajustado automaticamente para 15min
2025-05-27 00:11,PENDLE/USD,15min,⚠️ Intervalo ajustado automaticamente para 15min
2025-05-28 15:48,PENDLE/USD,15min,⚠️ Intervalo ajustado automaticamente para 15min
2025-05-28 15:50,PENDLE/USD,15min,⚠️ Intervalo ajustado automaticamente para 15min
2025-05-28 15:52,PENDLE/USD,15min,⚠️ Intervalo ajustado automaticamente para 15min
2025-05-28 15:53,PENDLE/USD,15min,⚠️ Intervalo ajustado automaticamente para 15min
2025-05-28 16:05,PENDLE/USD,15min,⚠️ Intervalo ajustado automaticamente para 15min
2025-05-28 20:29,PENDLE/USD,15min,⚠️ Intervalo ajustado automaticamente para 15min
2025-05-28 20:41,PENDLE/USD,15min,⚠️ Intervalo ajustado automaticamente para 15min
2025-05-28 20:42,RAY/USD,15min,⚠️ Intervalo ajustado automaticamente para 15min
2025-05-28 20:42,RAY/USD,15min,⚠️ Intervalo ajustado automaticamente para 15min
2025-05-28 20:42,SOL/USD,15min,⚠️ Intervalo ajustado automaticamente para 15min
2025-05-28 20:43,SOL/USD,15min,⚠️ Intervalo ajustado automaticamente para 15min
2025-05-28 20:43,PENDLE/USD,15min,⚠️ Intervalo ajustado automaticamente para 15min
2025-05-28 20:43,PENDLE/USD,15min,⚠️ Intervalo ajustado automaticamente para 15min
2025-05-28 20:44,PENDLE/USD,15min,⚠️ Intervalo ajustado automaticamente para 15min
2025-05-28 20:45,PENDLE/USD,15min,⚠️ Intervalo ajustado automaticamente para 15min
2025-05-28 21:00,PENDLE/USD,15min,⚠️ Intervalo ajustado automaticamente para 15min
2025-05-28 21:32,PENDLE/USD,15min,⚠️ Intervalo ajustado automaticamente para 15min
2025-05-28 22:00,PENDLE/USD,15min,⚠️ Intervalo ajustado automaticamente para 15min
2025-05-28 22:44,PENDLE/USD,15min,⚠️ Intervalo ajustado automaticamente para 15min
2025-05-28 23:37,PENDLE/USD,15min,⚠️ Intervalo ajustado automaticamente para 15min
2025-05-29 00:26,PENDLE/USD,15min,⚠️ Intervalo ajustado automaticamente para 15min
2025-05-30 14:49,PENDLE/USD,15min,⚠️ Intervalo ajustado automaticamente para 15min
2025-05-30 14:50,RAY/USD,15min,⚠️ Intervalo ajustado automaticamente para 15min
2025-05-30 14:50,RAY/USD,15min,⚠️ Intervalo ajustado automaticamente para 15min
2025-05-30 14:50,SOL/USD,15min,⚠️ Intervalo ajustado automaticamente para 15min
2025-05-30 14:50,SOL/USD,15min,⚠️ Intervalo ajustado automaticamente para 15min
2025-05-30 14:50,PENDLE/USD,15min,⚠️ Intervalo ajustado automaticamente para 15min
2025-05-30 14:50,PENDLE/USD,15min,⚠️ Intervalo ajustado automaticamente para 15min
2025-05-30 14:51,PENDLE/USD,15min,⚠️ Intervalo ajustado automaticamente para 15min
2025-05-30 14:54,BTC/USD,15min,⚠️ Intervalo ajustado automaticamente para 15min
2025-05-30 15:13,PENDLE/USD,15min,⚠️ Intervalo ajustado automaticamente para 15min
2025-05-30 15:18,PENDLE/USD,15min,⚠️ Intervalo ajustado automaticamente para 15min
2025-05-30 15:26,PENDLE/USD,15min,⚠️ Intervalo ajustado automaticamente para 15min
2025-05-30 15:32,PENDLE/USD,15min,⚠️ Intervalo ajustado automaticamente para 15min
2025-05-30 15:49,PENDLE/USD,15min,⚠️ Intervalo ajustado automaticamente para 15min
2025-05-30 15:59,PENDLE/USD,15min,⚠️ Intervalo ajustado automaticamente para 15min
2025-05-30 16:00,PENDLE/USD,15min,⚠️ Intervalo ajustado automaticamente para 15min
2025-05-30 17:39,PENDLE/USD,15min,⚠️ Intervalo ajustado automaticamente para 15min
2025-05-30 18:32,PENDLE/USD,15min,⚠️ Intervalo ajustado automaticamente para 15min
2025-05-30 18:34,PENDLE/USD,15min,⚠️ Intervalo ajustado automaticamente para 15min
2025-05-30 21:39,PENDLE/USD,15min,⚠️ Intervalo ajustado automaticamente para 15min
2025-05-30 21:53,PENDLE/USD,15min,⚠️ Intervalo ajustado automaticamente para 15min
2025-05-30 21:56,PENDLE/USD,15min,⚠️ Intervalo ajustado automaticamente para 15min
2025-05-30 21:56,PENDLE/USD,15min,⚠️ Intervalo ajustado automaticamente para 15min
2025-05-30 21:56,PENDLE/USD,15min,⚠️ Intervalo ajustado automaticamente para 15min
2025-05-30 21:56,PENDLE/USD,15min,⚠️ Intervalo ajustado automaticamente para 15min
2025-05-30 21:56,PENDLE/USD,15min,⚠️ Intervalo ajustado automaticamente para 15min
2025-05-30 21:57,PENDLE/USD,15min,⚠️ Intervalo ajustado automaticamente para 15min
2025-05-30 21:57,PENDLE/USD,15min,⚠️ Intervalo ajustado automaticamente para 15min
2025-05-30 21:57,PENDLE/USD,15min,⚠️ Intervalo ajustado automaticamente para 15min
2025-05-30 21:58,PENDLE/USD,15min,⚠️ Intervalo ajustado automaticamente para 15min
2025-05-30 21:58,PENDLE/USD,15min,⚠️ Intervalo ajustado automaticamente para 15min
2025-05-30 21:58,PENDLE/USD,15min,⚠️ Intervalo ajustado automaticamente para 15min
2025-05-30 22:12,PENDLE/USD,15min,⚠️ Intervalo ajustado automaticamente para 15min
2025-05-30 22:15,PENDLE/USD,15min,⚠️ Intervalo ajustado automaticamente para 15min
2025-05-30 22:15,PENDLE/USD,15min,⚠️ Intervalo ajustado automaticamente para 15min
2025-05-30 22:15,PENDLE/USD,15min,⚠️ Intervalo ajustado automaticamente para 15min
2025-05-31 00:49,PENDLE/USD,15min,⚠️ Intervalo ajustado automaticamente para 15min
2025-05-31 07:07,PENDLE/USD,15min,⚠️ Intervalo ajustado automaticamente para 15min
2025-05-31 07:18,PENDLE/USD,15min,⚠️ Intervalo ajustado automaticamente para 15min
2025-05-31 07:19,RAY/USD,15min,⚠️ Intervalo ajustado automaticamente para 15min
2025-05-31 07:19,RAY/USD,15min,⚠️ Intervalo ajustado automaticamente para 15min
2025-05-31 07:19,SOL/USD,15min,⚠️ Intervalo ajustado automaticamente para 15min
2025-05-31 07:19,SOL/USD,15min,⚠️ Intervalo ajustado automaticamente para 15min
2025-05-31 07:19,PENDLE/USD,15min,⚠️ Intervalo ajustado automaticamente para 15min
2025-05-31 07:20,PENDLE/USD,15min,⚠️ Intervalo ajustado automaticamente para 15min
2025-05-31 07:21,PENDLE/USD,15min,⚠️ Intervalo ajustado automaticamente para 15min
2025-05-31 07:21,PENDLE/USD,15min,⚠️ Intervalo ajustado automaticamente para 15min
2025-05-31 07:22,PENDLE/USD,15min,⚠️ Intervalo ajustado automaticamente para 15min
2025-05-31 07:28,PENDLE/USD,15min,⚠️ Intervalo ajustado automaticamente para 15min
2025-05-31 12:47,PENDLE/USD,15min,⚠️ Intervalo ajustado automaticamente para 15min
2025-05-31 13:04,PENDLE/USD,15min,⚠️ Intervalo ajustado automaticamente para 15min
2025-05-31 22:01,PENDLE/USD,15min,⚠️ Intervalo ajustado automaticamente para 15min
2025-05-31 22:03,PENDLE/USD,15min,⚠️ Intervalo ajustado automaticamente para 15min
2025-05-31 22:39,PENDLE/USD,15min,⚠️ Intervalo ajustado automaticamente para 15min
2025-05-31 22:46,PENDLE/USD,15min,⚠️ Intervalo ajustado automaticamente para 15min
2025-05-31 22:47,PENDLE/USD,15min,⚠️ Intervalo ajustado automaticamente para 15min
2025-05-31 22:53,PENDLE/USD,15min,⚠️ Intervalo ajustado automaticamente para 15min
2025-06-01 13:03,PENDLE/USD,15min,⚠️ Intervalo ajustado automaticamente para 15min
2025-06-01 13:14,PENDLE/USD,15min,⚠️ Intervalo ajustado automaticamente para 15min
2025-06-01 16:50,PENDLE/USD,15min,⚠️ Intervalo ajustado automaticamente para 15min
2025-06-01 21:48,PENDLE/USD,15min,⚠️ Intervalo ajustado automaticamente para 15min
2025-06-01 22:44,PENDLE/USD,15min,⚠️ Intervalo ajustado automaticamente para 15min
2025-06-01 23:00,PENDLE/USD,15min,⚠️ Intervalo ajustado automaticamente para 15min
2025-06-01 23:29,PENDLE/USD,15min,⚠️ Intervalo ajustado automaticamente para 15min
2025-06-02 14:00,PENDLE/USD,15min,⚠️ Intervalo ajustado automaticamente para 15min
2025-06-02 14:02,PENDLE/USD,15min,⚠️ Intervalo ajustado automaticamente para 15min
2025-06-02 14:23,PENDLE/USD,15min,⚠️ Intervalo ajustado automaticamente para 15min
2025-06-02 14:26,PENDLE/USD,15min,⚠️ Intervalo ajustado automaticamente para 15min
2025-06-02 15:18,PENDLE/USD,15min,⚠️ Intervalo ajustado automaticamente para 15min
2025-06-02 15:55,PENDLE/USD,15min,⚠️ Intervalo ajustado automaticamente para 15min
2025-06-02 15:57,RAY/USD,15min,⚠️ Intervalo ajustado automaticamente para 15min
2025-06-02 15:57,RAY/USD,15min,⚠️ Intervalo ajustado automaticamente para 15min
2025-06-02 15:57,SOL/USD,15min,⚠️ Intervalo ajustado automaticamente para 15min
2025-06-02 15:57,SOL/USD,15min,⚠️ Intervalo ajustado automaticamente para 15min
2025-06-02 15:57,PENDLE/USD,15min,⚠️ Intervalo ajustado automaticamente para 15min
2025-06-02 15:58,PENDLE/USD,15min,⚠️ Intervalo ajustado automaticamente para 15min
2025-06-02 16:02,PENDLE/USD,15min,⚠️ Intervalo ajustado automaticamente para 15min
2025-06-02 16:26,PENDLE/USD,15min,⚠️ Intervalo ajustado automaticamente para 15min
2025-06-02 19:12,PENDLE/USD,15min,⚠️ Intervalo ajustado automaticamente para 15min
2025-06-02 19:21,PENDLE/USD,15min,⚠️ Intervalo ajustado automaticamente para 15min
2025-06-02 20:16,PENDLE/USD,15min,⚠️ Intervalo ajustado automaticamente para 15min
2025-06-02 20:37,PENDLE/USD,15min,⚠️ Intervalo ajustado automaticamente para 15min
2025-06-02 20:49,PENDLE/USD,15min,⚠️ Intervalo ajustado automaticamente para 15min
2025-06-02 21:36,PENDLE/USD,15min,⚠️ Intervalo ajustado automaticamente para 15min
2025-06-02 22:19,PENDLE/USD,15min,⚠️ Intervalo ajustado automaticamente para 15min
2025-06-02 22:29,PENDLE/USD,15min,⚠️ Intervalo ajustado automaticamente para 15min
2025-06-03 00:05,PENDLE/USD,15min,⚠️ Intervalo ajustado automaticamente para 15min
2025-06-03 00:33,PENDLE/USD,15min,⚠️ Intervalo ajustado automaticamente para 15min
2025-06-03 00:34,RAY/USD,15min,⚠️ Intervalo ajustado automaticamente para 15min
2025-06-03 00:34,RAY/USD,15min,⚠️ Intervalo ajustado automaticamente para 15min
2025-06-03 00:34,SOL/USD,15min,⚠️ Intervalo ajustado automaticamente para 15min
2025-06-03 00:34,SOL/USD,15min,⚠️ Intervalo ajustado automaticamente para 15min
2025-06-03 00:34,PENDLE/USD,15min,⚠️ Intervalo ajustado automaticamente para 15min
2025-06-03 00:35,PENDLE/USD,15min,⚠️ Intervalo ajustado automaticamente para 15min
2025-06-03 00:36,PENDLE/USD,15min,⚠️ Intervalo ajustado automaticamente para 15min
2025-06-03 00:38,PENDLE/USD,15min,⚠️ Intervalo ajustado automaticamente para 15min
2025-06-03 00:42,BTC/USD,15min,⚠️ Intervalo ajustado automaticamente para 15min
2025-06-03 00:52,PENDLE/USD,15min,⚠️ Intervalo ajustado automaticamente para 15min
2025-06-03 14:00,PENDLE/USD,15min,⚠️ Intervalo ajustado automaticamente para 15min
2025-06-03 14:01,PENDLE/USD,15min,⚠️ Intervalo ajustado automaticamente para 15min
2025-06-03 14:02,RAY/USD,15min,⚠️ Intervalo ajustado automaticamente para 15min
2025-06-03 14:02,RAY/USD,15min,⚠️ Intervalo ajustado automaticamente para 15min
2025-06-03 14:02,SOL/USD,15min,⚠️ Intervalo ajustado automaticamente para 15min
2025-06-03 14:02,SOL/USD,15min,⚠️ Intervalo ajustado automaticamente para 15min
2025-06-03 14:02,PENDLE/USD,15min,⚠️ Intervalo ajustado automaticamente para 15min
2025-06-03 14:03,PENDLE/USD,15min,⚠️ Intervalo ajustado automaticamente para 15min
2025-06-03 14:03,PENDLE/USD,15min,⚠️ Intervalo ajustado automaticamente para 15min
2025-06-05 17:39,PENDLE/USD,15min,⚠️ Intervalo ajustado automaticamente para 15min
2025-06-05 17:42,PENDLE/USD,15min,⚠️ Intervalo ajustado automaticamente para 15min
2025-06-05 17:44,RAY/USD,15min,⚠️ Intervalo ajustado automaticamente para 15min
2025-06-05 17:44,RAY/USD,15min,⚠️ Intervalo ajustado automaticamente para 15min
2025-06-05 17:44,SOL/USD,15min,⚠️ Intervalo ajustado automaticamente para 15min
2025-06-05 17:44,SOL/USD,15min,⚠️ Intervalo ajustado automaticamente para 15min
2025-06-05 17:44,PENDLE/USD,15min,⚠️ Intervalo ajustado automaticamente para 15min
2025-06-05 17:44,PENDLE/USD,15min,⚠️ Intervalo ajustado automaticamente para 15min
2025-06-05 17:45,PENDLE/USD,15min,⚠️ Intervalo ajustado automaticamente para 15min
2025-06-05 18:19,PENDLE/USD,15min,⚠️ Intervalo ajustado automaticamente para 15min
2025-06-05 18:20,BTC/USD,15min,⚠️ Intervalo ajustado automaticamente para 15min
2025-06-05 18:21,BTC/USD,15min,⚠️ Intervalo ajustado automaticamente para 15min
2025-06-05 18:21,BTC/USD,15min,⚠️ Intervalo ajustado automaticamente para 15min
2025-06-05 18:21,RAY/USD,15min,⚠️ Intervalo ajustado automaticamente para 15min
2025-06-05 18:22,BTC/USD,15min,⚠️ Intervalo ajustado automaticamente para 15min
2025-06-05 18:25,PENDLE/USD,15min,⚠️ Intervalo ajustado automaticamente para 15min
2025-06-05 18:46,PENDLE/USD,15min,⚠️ Intervalo ajustado automaticamente para 15min
2025-06-06 23:57,BTC/USD,15min,⚠️ Intervalo ajustado automaticamente para 15min
2025-06-06 23:57,BTC/USD,15min,⚠️ Intervalo ajustado automaticamente para 15min
2025-06-06 23:57,RAY/USD,15min,⚠️ Intervalo ajustado automaticamente para 15min
2025-06-06 23:58,RAY/USD,15min,⚠️ Intervalo ajustado automaticamente para 15min
2025-06-06 23:58,SOL/USD,15min,⚠️ Intervalo ajustado automaticamente para 15min
2025-06-06 23:58,SOL/USD,15min,⚠️ Intervalo ajustado automaticamente para 15min
2025-06-06 23:58,PENDLE/USD,15min,⚠️ Intervalo ajustado automaticamente para 15min
2025-06-06 23:58,PENDLE/USD,15min,⚠️ Intervalo ajustado automaticamente para 15min
2025-06-06 23:59,PENDLE/USD,15min,⚠️ Intervalo ajustado automaticamente para 15min
2025-06-06 23:59,BTC/USD,15min,⚠️ Intervalo ajustado automaticamente para 15min
2025-06-07 00:01,PENDLE/USD,15min,⚠️ Intervalo ajustado automaticamente para 15min
2025-06-07 00:02,PENDLE/USD,15min,⚠️ Intervalo ajustado automaticamente para 15min
2025-06-07 00:03,PENDLE/USD,15min,⚠️ Intervalo ajustado automaticamente para 15min
2025-06-08 23:49,PENDLE/USD,15min,⚠️ Intervalo ajustado automaticamente para 15min
2025-06-08 23:53,BTC/USD,15min,⚠️ Intervalo ajustado automaticamente para 15min
2025-06-08 23:53,BTC/USD,15min,⚠️ Intervalo ajustado automaticamente para 15min
2025-06-08 23:54,RAY/USD,15min,⚠️ Intervalo ajustado automaticamente para 15min
2025-06-08 23:54,RAY/USD,15min,⚠️ Intervalo ajustado automaticamente para 15min
2025-06-08 23:54,SOL/USD,15min,⚠️ Intervalo ajustado automaticamente para 15min
2025-06-08 23:54,PENDLE/USD,15min,⚠️ Intervalo ajustado automaticamente para 15min
2025-06-08 23:55,PENDLE/USD,15min,⚠️ Intervalo ajustado automaticamente para 15min
2025-06-08 23:55,BTC/USD,15min,⚠️ Intervalo ajustado automaticamente para 15min
2025-06-08 23:56,PENDLE/USD,15min,⚠️ Intervalo ajustado automaticamente para 15min
2025-06-11 22:25,BTC/USD,15min,⚠️ Intervalo ajustado automaticamente para 15min
2025-06-11 22:25,BTC/USD,15min,⚠️ Intervalo ajustado automaticamente para 15min
2025-06-11 22:25,RAY/USD,15min,⚠️ Intervalo ajustado automaticamente para 15min
2025-06-11 22:25,RAY/USD,15min,⚠️ Intervalo ajustado automaticamente para 15min
2025-06-11 22:26,SOL/USD,15min,⚠️ Intervalo ajustado automaticamente para 15min
2025-06-11 22:26,SOL/USD,15min,⚠️ Intervalo ajustado automaticamente para 15min
2025-06-11 22:26,PENDLE/USD,15min,⚠️ Intervalo ajustado automaticamente para 15min
2025-06-11 22:26,PENDLE/USD,15min,⚠️ Intervalo ajustado automaticamente para 15min
2025-06-11 22:26,PENDLE/USD,15min,⚠️ Intervalo ajustado automaticamente para 15min
2025-06-11 22:27,BTC/USD,15min,⚠️ Intervalo ajustado automaticamente para 15min
2025-06-11 22:28,PENDLE/USD,15min,⚠️ Intervalo ajustado automaticamente para 15min
2025-06-11 22:33,PENDLE/USD,15min,⚠️ Intervalo ajustado automaticamente para 15min
2025-06-12 15:02,PENDLE/USD,15min,⚠️ Intervalo ajustado automaticamente para 15min
2025-06-12 15:39,PENDLE/USD,15min,⚠️ Intervalo ajustado automaticamente para 15min
2025-06-12 17:26,PENDLE/USD,15min,⚠️ Intervalo ajustado automaticamente para 15min
2025-06-12 17:26,PENDLE/USD,15min,⚠️ Intervalo ajustado automaticamente para 15min
2025-06-12 17:29,PENDLE/USD,15min,⚠️ Intervalo ajustado automaticamente para 15min
2025-06-12 22:14,BTC/USD,15min,⚠️ Intervalo ajustado automaticamente para 15min
2025-06-12 22:14,BTC/USD,15min,⚠️ Intervalo ajustado automaticamente para 15min
2025-06-12 22:14,RAY/USD,15min,⚠️ Intervalo ajustado automaticamente para 15min
2025-06-12 22:15,RAY/USD,15min,⚠️ Intervalo ajustado automaticamente para 15min
2025-06-12 22:15,SOL/USD,15min,⚠️ Intervalo ajustado automaticamente para 15min
2025-06-12 22:15,SOL/USD,15min,⚠️ Intervalo ajustado automaticamente para 15min
2025-06-12 22:15,PENDLE/USD,15min,⚠️ Intervalo ajustado automaticamente para 15min
2025-06-12 22:15,PENDLE/USD,15min,⚠️ Intervalo ajustado automaticamente para 15min
2025-06-12 22:15,PENDLE/USD,15min,⚠️ Intervalo ajustado automaticamente para 15min
2025-06-12 22:16,BTC/USD,15min,⚠️ Intervalo ajustado automaticamente para 15min
2025-06-12 22:19,PENDLE/USD,15min,⚠️ Intervalo ajustado automaticamente para 15min
2025-06-12 22:27,PENDLE/USD,15min,⚠️ Intervalo ajustado automaticamente para 15min
2025-06-12 23:53,PENDLE/USD,15min,⚠️ Intervalo ajustado automaticamente para 15min
2025-06-13 08:43,PENDLE/USD,15min,⚠️ Intervalo ajustado automaticamente para 15min
2025-06-13 08:45,BTC/USD,15min,⚠️ Intervalo ajustado automaticamente para 15min
2025-06-13 08:45,BTC/USD,15min,⚠️ Intervalo ajustado automaticamente para 15min
2025-06-13 08:45,RAY/USD,15min,⚠️ Intervalo ajustado automaticamente para 15min
2025-06-13 08:45,RAY/USD,15min,⚠️ Intervalo ajustado automaticamente para 15min
2025-06-13 08:45,SOL/USD,15min,⚠️ Intervalo ajustado automaticamente para 15min
2025-06-13 08:46,SOL/USD,15min,⚠️ Intervalo ajustado automaticamente para 15min
2025-06-13 08:46,PENDLE/USD,15min,⚠️ Intervalo ajustado automaticamente para 15min
2025-06-13 08:46,PENDLE/USD,15min,⚠️ Intervalo ajustado automaticamente para 15min
2025-06-13 08:47,PENDLE/USD,15min,⚠️ Intervalo ajustado automaticamente para 15min
2025-06-13 08:47,BTC/USD,15min,⚠️ Intervalo ajustado automaticamente para 15min
2025-06-13 15:26,BTC/USD,15min,⚠️ Intervalo ajustado automaticamente para 15min
2025-06-13 15:27,BTC/USD,15min,⚠️ Intervalo ajustado automaticamente para 15min
2025-06-13 15:27,RAY/USD,15min,⚠️ Intervalo ajustado automaticamente para 15min
2025-06-13 15:27,RAY/USD,15min,⚠️ Intervalo ajustado automaticamente para 15min
2025-06-13 15:28,SOL/USD,15min,⚠️ Intervalo ajustado automaticamente para 15min
2025-06-13 15:28,SOL/USD,15min,⚠️ Intervalo ajustado automaticamente para 15min
2025-06-13 15:28,PENDLE/USD,15min,⚠️ Intervalo ajustado automaticamente para 15min
2025-06-13 15:28,PENDLE/USD,15min,⚠️ Intervalo ajustado automaticamente para 15min
2025-06-13 15:29,PENDLE/USD,15min,⚠️ Intervalo ajustado automaticamente para 15min
2025-06-13 15:30,BTC/USD,15min,⚠️ Intervalo ajustado automaticamente para 15min
2025-06-13 15:31,PENDLE/USD,15min,⚠️ Intervalo ajustado automaticamente para 15min
2025-06-13 15:32,PENDLE/USD,15min,⚠️ Intervalo ajustado automaticamente para 15min
2025-06-13 15:34,PENDLE/USD,15min,⚠️ Intervalo ajustado automaticamente para 15min
2025-06-13 15:50,PENDLE/USD,15min,⚠️ Intervalo ajustado automaticamente para 15min
2025-06-13 19:56,PENDLE/USD,15min,⚠️ Intervalo ajustado automaticamente para 15min
2025-06-14 18:21,BTC/USD,15min,⚠️ Intervalo ajustado automaticamente para 15min
2025-06-14 18:23,PENDLE/USD,15min,⚠️ Intervalo ajustado automaticamente para 15min
2025-06-14 18:24,BTC/USD,15min,⚠️ Intervalo ajustado automaticamente para 15min
2025-06-14 18:25,BTC/USD,15min,⚠️ Intervalo ajustado automaticamente para 15min
2025-06-14 18:25,BTC/USD,15min,⚠️ Intervalo ajustado automaticamente para 15min
2025-06-14 18:25,RAY/USD,15min,⚠️ Intervalo ajustado automaticamente para 15min
2025-06-14 18:25,RAY/USD,15min,⚠️ Intervalo ajustado automaticamente para 15min
2025-06-14 18:25,SOL/USD,15min,⚠️ Intervalo ajustado automaticamente para 15min
2025-06-14 18:25,SOL/USD,15min,⚠️ Intervalo ajustado automaticamente para 15min
2025-06-14 18:25,PENDLE/USD,15min,⚠️ Intervalo ajustado automaticamente para 15min
2025-06-14 18:26,PENDLE/USD,15min,⚠️ Intervalo ajustado automaticamente para 15min
2025-06-14 18:27,BTC/USD,15min,⚠️ Intervalo ajustado automaticamente para 15min
2025-06-14 18:28,PENDLE/USD,15min,⚠️ Intervalo ajustado automaticamente para 15min
2025-06-15 18:48,PENDLE/USD,15min,⚠️ Intervalo ajustado automaticamente para 15min
2025-06-15 18:48,BTC/USD,15min,⚠️ Intervalo ajustado automaticamente para 15min
2025-06-15 18:49,BTC/USD,15min,⚠️ Intervalo ajustado automaticamente para 15min
2025-06-15 18:49,BTC/USD,15min,⚠️ Intervalo ajustado automaticamente para 15min
2025-06-15 18:49,RAY/USD,15min,⚠️ Intervalo ajustado automaticamente para 15min
2025-06-15 18:49,RAY/USD,15min,⚠️ Intervalo ajustado automaticamente para 15min
2025-06-15 18:49,SOL/USD,15min,⚠️ Intervalo ajustado automaticamente para 15min
2025-06-15 18:50,SOL/USD,15min,⚠️ Intervalo ajustado automaticamente para 15min
2025-06-15 18:50,PENDLE/USD,15min,⚠️ Intervalo ajustado automaticamente para 15min
2025-06-15 18:50,PENDLE/USD,15min,⚠️ Intervalo ajustado automaticamente para 15min
2025-06-15 18:50,PENDLE/USD,15min,⚠️ Intervalo ajustado automaticamente para 15min
2025-06-15 22:18,PENDLE/USD,15min,⚠️ Intervalo ajustado automaticamente para 15min
2025-06-16 17:29,PENDLE/USD,15min,⚠️ Intervalo ajustado automaticamente para 15min
2025-06-16 17:30,PENDLE/USD,15min,⚠️ Intervalo ajustado automaticamente para 15min
2025-06-16 17:30,BTC/USD,15min,⚠️ Intervalo ajustado automaticamente para 15min
2025-06-16 17:32,BTC/USD,15min,⚠️ Intervalo ajustado automaticamente para 15min
2025-06-16 17:32,BTC/USD,15min,⚠️ Intervalo ajustado automaticamente para 15min
2025-06-16 17:32,RAY/USD,15min,⚠️ Intervalo ajustado automaticamente para 15min
2025-06-16 17:32,RAY/USD,15min,⚠️ Intervalo ajustado automaticamente para 15min
2025-06-16 17:32,SOL/USD,15min,⚠️ Intervalo ajustado automaticamente para 15min
2025-06-16 17:32,SOL/USD,15min,⚠️ Intervalo ajustado automaticamente para 15min
2025-06-16 17:33,PENDLE/USD,15min,⚠️ Intervalo ajustado automaticamente para 15min
2025-06-16 17:33,PENDLE/USD,15min,⚠️ Intervalo ajustado automaticamente para 15min
2025-06-16 17:34,PENDLE/USD,15min,⚠️ Intervalo ajustado automaticamente para 15min
2025-06-16 19:42,PENDLE/USD,15min,⚠️ Intervalo ajustado automaticamente para 15min
2025-06-16 19:42,PENDLE/USD,15min,⚠️ Intervalo ajustado automaticamente para 15min
2025-06-16 19:45,PENDLE/USD,15min,⚠️ Intervalo ajustado automaticamente para 15min
2025-06-16 19:49,PENDLE/USD,15min,⚠️ Intervalo ajustado automaticamente para 15min
2025-06-16 19:57,PENDLE/USD,15min,⚠️ Intervalo ajustado automaticamente para 15min
2025-06-16 20:06,PENDLE/USD,15min,⚠️ Intervalo ajustado automaticamente para 15min
2025-06-16 20:06,PENDLE/USD,15min,⚠️ Intervalo ajustado automaticamente para 15min
2025-06-16 20:18,PENDLE/USD,15min,⚠️ Intervalo ajustado automaticamente para 15min
2025-06-16 20:20,PENDLE/USD,15min,⚠️ Intervalo ajustado automaticamente para 15min
2025-06-16 20:26,PENDLE/USD,15min,⚠️ Intervalo ajustado automaticamente para 15min
2025-06-16 20:37,PENDLE/USD,15min,⚠️ Intervalo ajustado automaticamente para 15min
2025-06-16 21:21,PENDLE/USD,15min,⚠️ Intervalo ajustado automaticamente para 15min
2025-06-16 22:17,PENDLE/USD,15min,⚠️ Intervalo ajustado automaticamente para 15min
2025-06-16 22:24,PENDLE/USD,15min,⚠️ Intervalo ajustado automaticamente para 15min
2025-06-16 23:33,PENDLE/USD,15min,⚠️ Intervalo ajustado automaticamente para 15min
2025-06-17 12:25,PENDLE/USD,15min,⚠️ Intervalo ajustado automaticamente para 15min
2025-06-17 12:25,BTC/USD,15min,⚠️ Intervalo ajustado automaticamente para 15min
2025-06-17 12:26,BTC/USD,15min,⚠️ Intervalo ajustado automaticamente para 15min
2025-06-17 12:26,BTC/USD,15min,⚠️ Intervalo ajustado automaticamente para 15min
2025-06-17 12:27,RAY/USD,15min,⚠️ Intervalo ajustado automaticamente para 15min
2025-06-17 12:27,RAY/USD,15min,⚠️ Intervalo ajustado automaticamente para 15min
2025-06-17 12:27,SOL/USD,15min,⚠️ Intervalo ajustado automaticamente para 15min
2025-06-17 12:27,SOL/USD,15min,⚠️ Intervalo ajustado automaticamente para 15min
2025-06-17 12:27,PENDLE/USD,15min,⚠️ Intervalo ajustado automaticamente para 15min
2025-06-17 12:27,PENDLE/USD,15min,⚠️ Intervalo ajustado automaticamente para 15min
2025-06-17 12:28,PENDLE/USD,15min,⚠️ Intervalo ajustado automaticamente para 15min
2025-06-17 15:36,PENDLE/USD,15min,⚠️ Intervalo ajustado automaticamente para 15min
2025-06-17 17:48,PENDLE/USD,15min,⚠️ Intervalo ajustado automaticamente para 15min
2025-06-17 17:48,BTC/USD,15min,⚠️ Intervalo ajustado automaticamente para 15min
2025-06-17 17:50,BTC/USD,15min,⚠️ Intervalo ajustado automaticamente para 15min
2025-06-17 17:50,BTC/USD,15min,⚠️ Intervalo ajustado automaticamente para 15min
2025-06-17 17:50,RAY/USD,15min,⚠️ Intervalo ajustado automaticamente para 15min
2025-06-17 17:50,RAY/USD,15min,⚠️ Intervalo ajustado automaticamente para 15min
2025-06-17 17:50,SOL/USD,15min,⚠️ Intervalo ajustado automaticamente para 15min
2025-06-17 17:50,SOL/USD,15min,⚠️ Intervalo ajustado automaticamente para 15min
2025-06-17 17:50,PENDLE/USD,15min,⚠️ Intervalo ajustado automaticamente para 15min
2025-06-17 17:50,PENDLE/USD,15min,⚠️ Intervalo ajustado automaticamente para 15min
2025-06-17 17:51,PENDLE/USD,15min,⚠️ Intervalo ajustado automaticamente para 15min
2025-06-17 17:54,PENDLE/USD,15min,⚠️ Intervalo ajustado automaticamente para 15min
2025-06-17 18:13,PENDLE/USD,15min,⚠️ Intervalo ajustado automaticamente para 15min
2025-06-17 18:20,PENDLE/USD,15min,⚠️ Intervalo ajustado automaticamente para 15min
2025-06-17 18:38,PENDLE/USD,15min,⚠️ Intervalo ajustado automaticamente para 15min
2025-06-17 18:47,PENDLE/USD,15min,⚠️ Intervalo ajustado automaticamente para 15min
2025-06-17 19:09,PENDLE/USD,15min,⚠️ Intervalo ajustado automaticamente para 15min
2025-06-17 19:10,PENDLE/USD,15min,⚠️ Intervalo ajustado automaticamente para 15min
2025-06-17 21:53,PENDLE/USD,15min,⚠️ Intervalo ajustado automaticamente para 15min
2025-06-18 01:03,PENDLE/USD,15min,⚠️ Intervalo ajustado automaticamente para 15min
2025-06-18 08:57,PENDLE/USD,15min,⚠️ Intervalo ajustado automaticamente para 15min
2025-06-18 14:07,PENDLE/USD,15min,⚠️ Intervalo ajustado automaticamente para 15min
2025-06-18 14:07,BTC/USD,15min,⚠️ Intervalo ajustado automaticamente para 15min
2025-06-18 14:08,BTC/USD,15min,⚠️ Intervalo ajustado automaticamente para 15min
2025-06-18 14:08,BTC/USD,15min,⚠️ Intervalo ajustado automaticamente para 15min
2025-06-18 14:09,RAY/USD,15min,⚠️ Intervalo ajustado automaticamente para 15min
2025-06-18 14:09,RAY/USD,15min,⚠️ Intervalo ajustado automaticamente para 15min
2025-06-18 14:09,SOL/USD,15min,⚠️ Intervalo ajustado automaticamente para 15min
2025-06-18 14:09,SOL/USD,15min,⚠️ Intervalo ajustado automaticamente para 15min
2025-06-18 14:09,PENDLE/USD,15min,⚠️ Intervalo ajustado automaticamente para 15min
2025-06-18 14:09,PENDLE/USD,15min,⚠️ Intervalo ajustado automaticamente para 15min
2025-06-18 14:10,PENDLE/USD,15min,⚠️ Intervalo ajustado automaticamente para 15min
2025-06-20 15:40,BTC/USD,15min,⚠️ Intervalo ajustado automaticamente para 15min
2025-06-20 15:41,PENDLE/USD,15min,⚠️ Intervalo ajustado automaticamente para 15min
2025-06-20 15:41,BTC/USD,15min,⚠️ Intervalo ajustado automaticamente para 15min
2025-06-20 15:42,BTC/USD,15min,⚠️ Intervalo ajustado automaticamente para 15min
2025-06-20 15:42,RAY/USD,15min,⚠️ Intervalo ajustado automaticamente para 15min
2025-06-20 15:42,RAY/USD,15min,⚠️ Intervalo ajustado automaticamente para 15min
2025-06-20 15:42,SOL/USD,15min,⚠️ Intervalo ajustado automaticamente para 15min
2025-06-20 15:42,PENDLE/USD,15min,⚠️ Intervalo ajustado automaticamente para 15min
2025-06-20 15:42,PENDLE/USD,15min,⚠️ Intervalo ajustado automaticamente para 15min
2025-06-20 15:43,PENDLE/USD,15min,⚠️ Intervalo ajustado automaticamente para 15min
2025-06-20 15:45,PENDLE/USD,15min,⚠️ Intervalo ajustado automaticamente para 15min
2025-06-20 16:10,PENDLE/USD,15min,⚠️ Intervalo ajustado automaticamente para 15min
2025-06-21 12:05,PENDLE/USD,15min,⚠️ Intervalo ajustado automaticamente para 15min
2025-06-21 12:06,BTC/USD,15min,⚠️ Intervalo ajustado automaticamente para 15min
2025-06-21 12:09,BTC/USD,15min,⚠️ Intervalo ajustado automaticamente para 15min
2025-06-21 12:10,BTC/USD,15min,⚠️ Intervalo ajustado automaticamente para 15min
2025-06-21 12:10,RAY/USD,15min,⚠️ Intervalo ajustado automaticamente para 15min
2025-06-21 12:10,RAY/USD,15min,⚠️ Intervalo ajustado automaticamente para 15min
2025-06-21 12:10,SOL/USD,15min,⚠️ Intervalo ajustado automaticamente para 15min
2025-06-21 12:10,SOL/USD,15min,⚠️ Intervalo ajustado automaticamente para 15min
2025-06-21 12:10,PENDLE/USD,15min,⚠️ Intervalo ajustado automaticamente para 15min
2025-06-21 12:10,PENDLE/USD,15min,⚠️ Intervalo ajustado automaticamente para 15min
2025-06-21 12:11,PENDLE/USD,15min,⚠️ Intervalo ajustado automaticamente para 15min
2025-06-22 09:43,PENDLE/USD,15min,⚠️ Intervalo ajustado automaticamente para 15min
2025-06-22 10:20,PENDLE/USD,15min,⚠️ Intervalo ajustado automaticamente para 15min
2025-06-22 10:21,BTC/USD,15min,⚠️ Intervalo ajustado automaticamente para 15min
2025-06-22 10:22,BTC/USD,15min,⚠️ Intervalo ajustado automaticamente para 15min
2025-06-22 10:22,BTC/USD,15min,⚠️ Intervalo ajustado automaticamente para 15min
2025-06-22 10:22,RAY/USD,15min,⚠️ Intervalo ajustado automaticamente para 15min
2025-06-22 10:22,RAY/USD,15min,⚠️ Intervalo ajustado automaticamente para 15min
2025-06-22 10:22,SOL/USD,15min,⚠️ Intervalo ajustado automaticamente para 15min
2025-06-22 10:22,SOL/USD,15min,⚠️ Intervalo ajustado automaticamente para 15min
2025-06-22 10:22,PENDLE/USD,15min,⚠️ Intervalo ajustado automaticamente para 15min
2025-06-22 10:22,PENDLE/USD,15min,⚠️ Intervalo ajustado automaticamente para 15min
2025-06-22 10:23,PENDLE/USD,15min,⚠️ Intervalo ajustado automaticamente para 15min
2025-06-22 13:42,PENDLE/USD,15min,⚠️ Intervalo ajustado automaticamente para 15min
2025-06-22 21:42,PENDLE/USD,15min,⚠️ Intervalo ajustado automaticamente para 15min
2025-06-22 21:42,PENDLE/USD,15min,⚠️ Intervalo ajustado automaticamente para 15min
2025-06-23 12:59,PENDLE/USD,15min,⚠️ Intervalo ajustado automaticamente para 15min
2025-06-25 11:08,PENDLE/USD,15min,⚠️ Intervalo ajustado automaticamente para 15min
2025-06-25 11:08,BTC/USD,15min,⚠️ Intervalo ajustado automaticamente para 15min
2025-06-25 11:09,BTC/USD,15min,⚠️ Intervalo ajustado automaticamente para 15min
2025-06-25 11:09,BTC/USD,15min,⚠️ Intervalo ajustado automaticamente para 15min
2025-06-25 11:09,RAY/USD,15min,⚠️ Intervalo ajustado automaticamente para 15min
2025-06-25 11:10,RAY/USD,15min,⚠️ Intervalo ajustado automaticamente para 15min
2025-06-25 11:10,SOL/USD,15min,⚠️ Intervalo ajustado automaticamente para 15min
2025-06-25 11:10,SOL/USD,15min,⚠️ Intervalo ajustado automaticamente para 15min
2025-06-25 11:10,PENDLE/USD,15min,⚠️ Intervalo ajustado automaticamente para 15min
2025-06-25 11:10,PENDLE/USD,15min,⚠️ Intervalo ajustado automaticamente para 15min
2025-06-25 11:11,PENDLE/USD,15min,⚠️ Intervalo ajustado automaticamente para 15min
2025-06-25 12:08,PENDLE/USD,15min,⚠️ Intervalo ajustado automaticamente para 15min
2025-06-25 12:09,PENDLE/USD,15min,⚠️ Intervalo ajustado automaticamente para 15min
2025-06-25 13:40,PENDLE/USD,15min,⚠️ Intervalo ajustado automaticamente para 15min
2025-06-25 14:56,PENDLE/USD,15min,⚠️ Intervalo ajustado automaticamente para 15min
2025-06-26 17:29,PENDLE/USD,15min,⚠️ Intervalo ajustado automaticamente para 15min
2025-06-27 12:10,PENDLE/USD,15min,⚠️ Intervalo ajustado automaticamente para 15min
2025-06-27 12:11,BTC/USD,15min,⚠️ Intervalo ajustado automaticamente para 15min
2025-06-27 12:12,BTC/USD,15min,⚠️ Intervalo ajustado automaticamente para 15min
2025-06-27 12:12,BTC/USD,15min,⚠️ Intervalo ajustado automaticamente para 15min
2025-06-27 12:12,RAY/USD,15min,⚠️ Intervalo ajustado automaticamente para 15min
2025-06-27 12:12,RAY/USD,15min,⚠️ Intervalo ajustado automaticamente para 15min
2025-06-27 12:12,SOL/USD,15min,⚠️ Intervalo ajustado automaticamente para 15min
2025-06-27 12:12,SOL/USD,15min,⚠️ Intervalo ajustado automaticamente para 15min
2025-06-27 12:12,PENDLE/USD,15min,⚠️ Intervalo ajustado automaticamente para 15min
2025-06-27 12:12,PENDLE/USD,15min,⚠️ Intervalo ajustado automaticamente para 15min
2025-06-27 12:13,PENDLE/USD,15min,⚠️ Intervalo ajustado automaticamente para 15min
2025-06-28 21:18,PENDLE/USD,15min,⚠️ Intervalo ajustado automaticamente para 15min
2025-06-28 21:18,BTC/USD,15min,⚠️ Intervalo ajustado automaticamente para 15min
2025-06-28 21:19,BTC/USD,15min,⚠️ Intervalo ajustado automaticamente para 15min
2025-06-28 21:19,BTC/USD,15min,⚠️ Intervalo ajustado automaticamente para 15min
2025-06-28 21:19,RAY/USD,15min,⚠️ Intervalo ajustado automaticamente para 15min
2025-06-28 21:19,RAY/USD,15min,⚠️ Intervalo ajustado automaticamente para 15min
2025-06-28 21:19,SOL/USD,15min,⚠️ Intervalo ajustado automaticamente para 15min
2025-06-28 21:20,SOL/USD,15min,⚠️ Intervalo ajustado automaticamente para 15min
2025-06-28 21:20,PENDLE/USD,15min,⚠️ Intervalo ajustado automaticamente para 15min
2025-06-28 21:20,PENDLE/USD,15min,⚠️ Intervalo ajustado automaticamente para 15min
2025-06-28 21:21,PENDLE/USD,15min,⚠️ Intervalo ajustado automaticamente para 15min
2025-08-29 00:43,PENDLE/USD,15min,⚠️ Intervalo ajustado automaticamente para 15min
